rainfall_mm,road_tier,landslide_history,risk_score
10.0,1,0,20.97
20.0,1,0,22.44
30.0,1,0,23.91
40.0,1,0,25.38
50.0,1,0,26.85
60.0,1,0,28.32
70.0,1,0,29.79
80.0,1,0,31.26
90.0,1,0,32.73
100.0,1,0,34.2
110.0,1,0,35.67
120.0,1,0,37.14
130.0,1,0,38.61
140.0,1,0,40.08
150.0,1,0,41.55
160.0,1,0,43.02
170.0,1,0,44.49
180.0,1,0,45.96
190.0,1,0,47.43
200.0,1,0,48.9
210.0,1,0,50.37
220.0,1,0,51.84
10.0,1,0,18.55
20.0,1,0,19.6
30.0,1,0,20.65
40.0,1,0,21.7
50.0,1,0,22.75
60.0,1,0,23.8
70.0,1,0,24.85
80.0,1,0,25.9
90.0,1,0,26.95
100.0,1,0,28.0
110.0,1,0,29.05
120.0,1,0,30.1
130.0,1,0,31.15
140.0,1,0,32.2
150.0,1,0,33.25
160.0,1,0,34.3
170.0,1,0,35.35
180.0,1,0,36.4
190.0,1,0,37.45
200.0,1,0,38.5
210.0,1,0,39.55
220.0,1,0,40.6
10.0,1,0,53.49
20.0,1,0,57.48
30.0,1,0,61.47
40.0,1,0,65.46
50.0,1,0,69.45
60.0,1,0,73.44
70.0,1,0,77.43
80.0,1,0,81.42
90.0,1,0,85.41
100.0,1,0,89.4
110.0,1,0,93.39
120.0,1,0,97.38
130.0,1,0,100.0
140.0,1,0,100.0
150.0,1,0,100.0
160.0,1,0,100.0
170.0,1,0,100.0
180.0,1,0,100.0
190.0,1,0,100.0
200.0,1,0,100.0
210.0,1,0,100.0
220.0,1,0,100.0
10.0,1,0,23.76
20.0,1,0,25.02
30.0,1,0,26.28
40.0,1,0,27.54
50.0,1,0,28.8
60.0,1,0,30.06
70.0,1,0,31.32
80.0,1,0,32.58
90.0,1,0,33.84
100.0,1,0,35.1
110.0,1,0,36.36
120.0,1,0,37.62
130.0,1,0,38.88
140.0,1,0,40.14
150.0,1,0,41.4
160.0,1,0,42.66
170.0,1,0,43.92
180.0,1,0,45.18
190.0,1,0,46.44
200.0,1,0,47.7
210.0,1,0,48.96
220.0,1,0,50.22
10.0,1,0,31.18
20.0,1,0,32.86
30.0,1,0,34.54
40.0,1,0,36.22
50.0,1,0,37.9
60.0,1,0,39.58
70.0,1,0,41.26
80.0,1,0,42.94
90.0,1,0,44.62
100.0,1,0,46.3
110.0,1,0,47.98
120.0,1,0,49.66
130.0,1,0,51.34
140.0,1,0,53.02
150.0,1,0,54.7
160.0,1,0,56.38
170.0,1,0,58.06
180.0,1,0,59.74
190.0,1,0,61.42
200.0,1,0,63.1
210.0,1,0,64.78
220.0,1,0,66.46
10.0,1,0,27.39
20.0,1,0,29.28
30.0,1,0,31.17
40.0,1,0,33.06
50.0,1,0,34.95
60.0,1,0,36.84
70.0,1,0,38.73
80.0,1,0,40.62
90.0,1,0,42.51
100.0,1,0,44.4
110.0,1,0,46.29
120.0,1,0,48.18
130.0,1,0,50.07
140.0,1,0,51.96
150.0,1,0,53.85
160.0,1,0,55.74
170.0,1,0,57.63
180.0,1,0,59.52
190.0,1,0,61.41
200.0,1,0,63.3
210.0,1,0,65.19
220.0,1,0,67.08
10.0,1,6,64.01
20.0,1,6,66.32
30.0,1,6,68.63
40.0,1,6,70.94
50.0,1,6,73.25
60.0,1,6,75.56
70.0,1,6,77.87
80.0,1,6,80.18
90.0,1,6,82.49
100.0,1,6,84.8
110.0,1,6,87.11
120.0,1,6,89.42
130.0,1,6,91.73
140.0,1,6,94.04
150.0,1,6,96.35
160.0,1,6,98.66
170.0,1,6,100.0
180.0,1,6,100.0
190.0,1,6,100.0
200.0,1,6,100.0
210.0,1,6,100.0
220.0,1,6,100.0
10.0,2,170,83.02
20.0,2,170,85.54
30.0,2,170,88.06
40.0,2,170,90.58
50.0,2,170,93.1
60.0,2,170,95.62
70.0,2,170,98.14
80.0,2,170,100.0
90.0,2,170,100.0
100.0,2,170,100.0
110.0,2,170,100.0
120.0,2,170,100.0
130.0,2,170,100.0
140.0,2,170,100.0
150.0,2,170,100.0
160.0,2,170,100.0
170.0,2,170,100.0
180.0,2,170,100.0
190.0,2,170,100.0
200.0,2,170,100.0
210.0,2,170,100.0
220.0,2,170,100.0
10.0,1,0,24.97
20.0,1,0,26.44
30.0,1,0,27.91
40.0,1,0,29.38
50.0,1,0,30.85
60.0,1,0,32.32
70.0,1,0,33.79
80.0,1,0,35.26
90.0,1,0,36.73
100.0,1,0,38.2
110.0,1,0,39.67
120.0,1,0,41.14
130.0,1,0,42.61
140.0,1,0,44.08
150.0,1,0,45.55
160.0,1,0,47.02
170.0,1,0,48.49
180.0,1,0,49.96
190.0,1,0,51.43
200.0,1,0,52.9
210.0,1,0,54.37
220.0,1,0,55.84
10.0,1,82,68.64
20.0,1,82,70.53
30.0,1,82,72.42
40.0,1,82,74.31
50.0,1,82,76.2
60.0,1,82,78.09
70.0,1,82,79.98
80.0,1,82,81.87
90.0,1,82,83.76
100.0,1,82,85.65
110.0,1,82,87.54
120.0,1,82,89.43
130.0,1,82,91.32
140.0,1,82,93.21
150.0,1,82,95.1
160.0,1,82,96.99
170.0,1,82,98.88
180.0,1,82,100.0
190.0,1,82,100.0
200.0,1,82,100.0
210.0,1,82,100.0
220.0,1,82,100.0
10.0,1,8,56.86
20.0,1,8,58.12
30.0,1,8,59.38
40.0,1,8,60.64
50.0,1,8,61.9
60.0,1,8,63.16
70.0,1,8,64.42
80.0,1,8,65.68
90.0,1,8,66.94
100.0,1,8,68.2
110.0,1,8,69.46
120.0,1,8,70.72
130.0,1,8,71.98
140.0,1,8,73.24
150.0,1,8,74.5
160.0,1,8,75.76
170.0,1,8,77.02
180.0,1,8,78.28
190.0,1,8,79.54
200.0,1,8,80.8
210.0,1,8,82.06
220.0,1,8,83.32
10.0,2,8,69.57
20.0,2,8,71.04
30.0,2,8,72.51
40.0,2,8,73.98
50.0,2,8,75.45
60.0,2,8,76.92
70.0,2,8,78.39
80.0,2,8,79.86
90.0,2,8,81.33
100.0,2,8,82.8
110.0,2,8,84.27
120.0,2,8,85.74
130.0,2,8,87.21
140.0,2,8,88.68
150.0,2,8,90.15
160.0,2,8,91.62
170.0,2,8,93.09
180.0,2,8,94.56
190.0,2,8,96.03
200.0,2,8,97.5
210.0,2,8,98.97
220.0,2,8,100.0
10.0,1,0,46.07
20.0,1,0,49.64
30.0,1,0,53.21
40.0,1,0,56.78
50.0,1,0,60.35
60.0,1,0,63.92
70.0,1,0,67.49
80.0,1,0,71.06
90.0,1,0,74.63
100.0,1,0,78.2
110.0,1,0,81.77
120.0,1,0,85.34
130.0,1,0,88.91
140.0,1,0,92.48
150.0,1,0,96.05
160.0,1,0,99.62
170.0,1,0,100.0
180.0,1,0,100.0
190.0,1,0,100.0
200.0,1,0,100.0
210.0,1,0,100.0
220.0,1,0,100.0
10.0,1,0,22.34
20.0,1,0,23.18
30.0,1,0,24.02
40.0,1,0,24.86
50.0,1,0,25.7
60.0,1,0,26.54
70.0,1,0,27.38
80.0,1,0,28.22
90.0,1,0,29.06
100.0,1,0,29.9
110.0,1,0,30.74
120.0,1,0,31.58
130.0,1,0,32.42
140.0,1,0,33.26
150.0,1,0,34.1
160.0,1,0,34.94
170.0,1,0,35.78
180.0,1,0,36.62
190.0,1,0,37.46
200.0,1,0,38.3
210.0,1,0,39.14
220.0,1,0,39.98
10.0,3,0,61.86
20.0,3,0,65.22
30.0,3,0,68.58
40.0,3,0,71.94
50.0,3,0,75.3
60.0,3,0,78.66
70.0,3,0,82.02
80.0,3,0,85.38
90.0,3,0,88.74
100.0,3,0,92.1
110.0,3,0,95.46
120.0,3,0,98.82
130.0,3,0,100.0
140.0,3,0,100.0
150.0,3,0,100.0
160.0,3,0,100.0
170.0,3,0,100.0
180.0,3,0,100.0
190.0,3,0,100.0
200.0,3,0,100.0
210.0,3,0,100.0
220.0,3,0,100.0
10.0,2,0,41.1
20.0,2,0,43.2
30.0,2,0,45.3
40.0,2,0,47.4
50.0,2,0,49.5
60.0,2,0,51.6
70.0,2,0,53.7
80.0,2,0,55.8
90.0,2,0,57.9
100.0,2,0,60.0
110.0,2,0,62.1
120.0,2,0,64.2
130.0,2,0,66.3
140.0,2,0,68.4
150.0,2,0,70.5
160.0,2,0,72.6
170.0,2,0,74.7
180.0,2,0,76.8
190.0,2,0,78.9
200.0,2,0,81.0
210.0,2,0,83.1
220.0,2,0,85.2
10.0,3,0,41.76
20.0,3,0,43.02
30.0,3,0,44.28
40.0,3,0,45.54
50.0,3,0,46.8
60.0,3,0,48.06
70.0,3,0,49.32
80.0,3,0,50.58
90.0,3,0,51.84
100.0,3,0,53.1
110.0,3,0,54.36
120.0,3,0,55.62
130.0,3,0,56.88
140.0,3,0,58.14
150.0,3,0,59.4
160.0,3,0,60.66
170.0,3,0,61.92
180.0,3,0,63.18
190.0,3,0,64.44
200.0,3,0,65.7
210.0,3,0,66.96
220.0,3,0,68.22
10.0,2,0,50.15
20.0,2,0,53.3
30.0,2,0,56.45
40.0,2,0,59.6
50.0,2,0,62.75
60.0,2,0,65.9
70.0,2,0,69.05
80.0,2,0,72.2
90.0,2,0,75.35
100.0,2,0,78.5
110.0,2,0,81.65
120.0,2,0,84.8
130.0,2,0,87.95
140.0,2,0,91.1
150.0,2,0,94.25
160.0,2,0,97.4
170.0,2,0,100.0
180.0,2,0,100.0
190.0,2,0,100.0
200.0,2,0,100.0
210.0,2,0,100.0
220.0,2,0,100.0
