landslide_id,state,district,toposheet,name,locality,latitude,longitude
AR/ES/82P04/2022/001,Arunachal Pradesh,East Siang,82P04,NH-13 Slide 1,NH-13,28.1425,95.23919444444445
AR/ES/82P04/2022/002,Arunachal Pradesh,East Siang,82P04,NH-13 Slide 2,NH-13,28.145305555555556,95.23916666666666
AR/ES/82P04/2022/003,Arunachal Pradesh,East Siang,82P04,NH-13 Slide 3,NH-13,28.147805555555554,95.22483333333334
AR/ES/82P04/2022/004,Arunachal Pradesh,East Siang,82P04,NH-13 Slide 4,NH-13,28.15411111111111,95.18169444444445
AR/S/82P04/2022/005,Arunachal Pradesh,East Siang,82P04,NH-13 Slide 5,NH-13,28.135055555555557,95.14544444444445
AR/S/82P04/2022/006,Arunachal Pradesh,East Siang,82P04,NH-13 Slide 6,NH-13,28.131694444444445,95.13618611111112
AR/S/82P04/2022/007,Arunachal Pradesh,East Siang,82P04,NH-13 Slide 7,NH-13,28.153033333333333,95.21829444444445
AR/ES/82P04/2022/008,Arunachal Pradesh Photo 7(a) 77,East Siang,82P04,Pasighat-Yingkiong road Slide 1,NH-13 (Pasighat-Yingkiong road),28.169611111111113,95.2406388888889
AR/ES/82P04/2022/009,Arunachal Pradesh,East Siang,82P04,Pasighat-Yingkiong road Slide 2,NH-13 (Pasighat-Yingkiong road),28.16938888888889,95.23572222222222
AR/ES/82P04/2022/010,Arunachal Pradesh,East Siang,82P04,Pasighat-Yingkiong road Slide 3,NH-513,28.169583333333335,95.22391666666667
AR/ES/82P04/2022/011,Arunachal Pradesh,East Siang,82P04,Pasighat-Yingkiong road Slide 4,NH-513,28.175555555555558,95.22186111111111
AR/US/82P04/2022/012,Arunachal Pradesh,Upper Siang,82P04,Pasighat-Yingkiong road Slide 5,NH-513,28.18113888888889,95.22594444444445
AR/US/82P04/2022/013,Arunachal Pradesh,Upper Siang,82P04 Photo 12(a)&(b) 87,Yagrung village Slide 1,Yagrung village,28.013166666666667,95.23933333333333
AR/ES/82P04/2022/014,Arunachal Pradesh,East Siang,82P04,Yagrung village Slide 2,Yagrung village,28.03329722222222,95.23538333333333
AR/US/82P04/2022/015,Arunachal Pradesh,Upper Siang,82P04,Pasighat-Yingkiong road Slide 6,NH-13 (Pasighat-Yingkiong road) Photo 14(a) 91,28.1915,95.22591666666666
AR/US/82P04/2022/016,Arunachal Pradesh,Upper Siang,82P04,Pasighat-Yingkiong road Slide 7,NH-513,28.26688888888889,95.21425
AR/US/82P04/2022/017,Arunachal Pradesh,Upper Siang,82P03,Pasighat-Yingkiong road Slide 8,NH-513,28.272,95.20841666666666
AR/US/82P03/2022/018,Arunachal Pradesh,Upper Siang,82P03,Pasighat-Yingkiong road Slide 9,NH-513,28.2805,95.20155555555556
AR/US/82P03/2022/019,Arunachal Pradesh,Upper Siang,82P03,Pasighat-Yingkiong road Slide 10,NH-513,28.3105,95.19747222222223
AR/US/82P03/2022/020,Arunachal Pradesh,Upper Siang,82P03,Pasighat-Yingkiong road Slide 11,NH-513,28.378694444444445,95.23066666666666
AR/US/82P03/2022/021,Arunachal Pradesh,Upper Siang,82P03,Pasighat-Yingkiong road Slide 12,NH-513,28.384833333333333,95.23380555555556
AR/US/82P03/2022/022,Arunachal Pradesh,Upper Siang,82P03,Pasighat-Yingkiong road Slide 13,NH-513,28.36641666666667,95.22119444444445
AR/US/82P03/2022/023,Arunachal Pradesh,Upper Siang,82P03,Pasighat-Yingkiong road Slide 14,NH-513,28.32288888888889,95.20369444444445
AR/US/82P03/2022/024,Arunachal Pradesh,Upper Siang,82P03,Pasighat-Yingkiong road Slide 15,NH-513,28.301694444444447,95.19536111111111
AR/US/82P03/2022/025,Arunachal Pradesh,Upper Siang,82P03,Pasighat-Yingkiong road Slide 16,NH-513,28.291555555555558,95.19911111111111
AR/WS/82P04/2022/026,Arunachal Pradesh,West Siang,82P04,Northwest of Rotung Slide 1,NH-13,28.13361111111111,95.11125
AR/WS/82P04/2022/027,Arunachal Pradesh,West Siang,82P04,Northwest of Yembung camp Slide,NH-13,28.174805555555558,95.02511111111112
AR/S/82P04/2022/028,Arunachal Pradesh,Siang,82P04,Northwest of Yembung camp Slide,NH-13,28.13361111111111,95.11125
AR/S/82P04/2022/029,Arunachal Pradesh,Siang,82P04,South of Jeru Slide 1,NH-13,28.174805555555558,95.02511111111112
AR/S/82L16/2022/030,Arunachal Pradesh,Siang,82L16,South of Jeru Slide 2,NH-13,28.192444444444444,94.98491666666666
AR/S/82P04/2022/031,Arunachal Pradesh,Siang,82P04,South of Jeru Slide 3,NH-13,28.22675,94.22511111111112
AR/S/82P04/2022/032,Arunachal Pradesh,Siang,82P04,South of Jeru Slide 4 Photo 31(a)&(b) 125,NH-13,28.24238888888889,94.22086111111112
AR/LD/83M01/2022/033,Arunachal Pradesh,Lower Dibang valley,83M01,West of Ledum Slide 1,Near to Ledum village,27.944388888888888,95.11758611111111
AR/LD/83M01/2022/034,Arunachal Pradesh,Lower Dibang Valley,83M01,West of Ledum Slide 2,Near to Ledum village,27.951305555555553,95.07405555555555
AR/US/82P03/2022/035,Arunachal Pradesh,Upper Siang,82P03,North of Damro-Gingkong Slide 1,Pasighat-Yingkiong road,27.459166666666665,95.23363888888889
AR/US/82P03/2022/036,Arunachal Pradesh,Upper Siang,82P03,North of Damro-Gingkong Slide 2,Pasighat-Yingkiong road,28.452833333333334,95.239
AR/US/82P03/2022/037,Arunachal Pradesh,Upper Siang,82P03,North of Damro-Gingkong Slide 3,Pasighat-Yingkiong road,28.452527777777778,95.23933333333333
AR/US/82P03/2022/038,Arunachal Pradesh,Upper Siang,82P03,Dumro-Kumko Slide 1,NH 513,28.415027777777777,95.24708333333334
AR/US/82P03/2022/039,Arunachal Pradesh,Upper Siang,82P03 Photo 38(a) 138,Dumro-Kumko Slide 2,NH 513,28.41272222222222,95.24772222222222
AR/US/82P03/2022/040,Arunachal Pradesh,Upper Siang,82P03,Dumro-Kumko Slide 3,NH 513,28.402416666666664,95.24594444444445
AR/US/82P03/2022/041,Arunachal Pradesh,Upper Siang,82P03,Pasi-Tinali Slide 1,NH 513,28.39911111111111,95.24136111111112
AR/US/82P03/2022/042,Arunachal Pradesh,Upper Siang,82P03,Pasi-Tinali Slide 2,NH 513,28.38672222222222,95.24083333333333
AR/US/82P03/2022/043,Arunachal Pradesh,Upper Siang,82P03 Photo 42(a)&(b) 146,Pasi-Tinali Slide 3,NH 513,28.386805555555554,95.24011111111112
AR/US/82P03/2022/044,Arunachal Pradesh,Upper Siang,82P03,Dumro-Kumko Slide 5,NH 513,28.40213888888889,95.24394444444445
AR/US/82P03/2022/046,Arunachal Pradesh,Upper Siang,82P03,Mariyang Slide 1,NH 513,28.4875,95.21341666666667
AR/US/82P03/2022/047,Arunachal Pradesh,Upper Siang,82P03 Photo 46(a) &(b) 154,Mariyang Slide 2,NH 513,28.484055555555557,95.20705555555556
AR/US/82P02/2022/048,Arunachal Pradesh,Upper Siang,82P02,Yingkiong road Slide 1,NH 513,28.62697222222222,95.03572222222222
AR/US/82P02/2022/049,Arunachal Pradesh,Upper Siang,82P02,Yingkiong road Slide 2,NH 513,28.622722222222222,95.04352777777778
AR/US/82P02/2022/050,Arunachal Pradesh,Upper Siang,82P02,Yingkiong road Slide 3,NH 513,28.617333333333335,95.04955555555556
AR/US/82P03/2022/051,Arunachal Pradesh,Upper Siang,82P03,Mariyang Slide 3,NH 513,28.490277777777777,95.20319444444445
AR/US/82P03/2022/052,Arunachal Pradesh Photo 51(a)&(b) 164,Upper Siang,82P03,Mariyang Slide 4,NH 513,28.491500000000002,95.20294444444444
AR/US/82P03/2022/053,Arunachal Pradesh,Upper Siang,82P03,Mariyang-Yingkiong road Slide 1,NH 513,28.49791666666667,95.19163888888889
AR/US/82P02/2022/054,Arunachal Pradesh,Upper Siang,82P02,Mariyang-Yingkiong road Slide 2,NH 513,28.512055555555555,95.18050000000001
AR/US/82P02/2022/055,Arunachal Pradesh,Upper Siang,82P02,Mariyang-Yingkiong road Slide 3,NH 513,28.516083333333334,95.17802777777779
AR/US/82P02/2022/056,Arunachal Pradesh,Upper Siang,82P02,Mariyang-Yingkiong road Slide 4,NH 513,28.514083333333332,95.17827777777778
AR/US/82P02/2022/057,Arunachal Pradesh,Upper Siang,82P02,Mariyang-Yingkiong road Slide 5,NH 513,28.510527777777778,95.17772222222223
