Sl_No,Slide_No,State,District,Toposheet_No,Name_of_Slide,NH_SH_Locality,Latitude,Longitude,Latitude_DMS,Longitude_DMS,Length_m,Width_m,Height_m,Area_m2,Depth_m,Volume_m3,Runout_Distance_m,Type_of_Material,Type_of_Movement,Rate_of_Movement,Activity,Distribution,Style,Failure_Mechanism,History,Geomorphology,Geology,Structure,Landuse_Landcover,Hydrological_Condition,Triggering_Factor,Death_of_Person,People_Affected,Livestock_Loss,Communication,Infrastructure,Agriculture_Forest_Barren,Geo_scientific_Causes,Remedial_Measures,Remarks,Photos_Sketch,Summary_Abstract,Pdf_Category
1,MN/NON/8 3H/9/2018/ 0001,Manipur,Noney,83H/9,LS 1,NH 37,24.80111111,93.65311111,"24°48'4""N","93°39'11.2""E",9,4,9,36,,36,10,Debris,Slide,Rapid,Active,Retrogressi ve,Single,Shallow translation al,,Moderately dissected slopes,Shale and Siltstone od Upper Disang Formation,S⁰: 335⁰/15⁰→245⁰,Moderate vegetation,Wet,Rainfall,Nil,Nil,Nil,,,Forest,Extensive slope cut failure and increased overburden pore pressure due to rainfall.,Hardening of slope and benching of slope.,,,,111
2,MN/NON/8 3H/9/2018/ 0002,Manipur,Noney,83H/9,LS 2,NH37,24.79833333,93.65505556,"24°47'54""N","93°39'18.2""E",9,12,8,108,,162,15,Debris,Slide,,Active,Retrogressi ve,Single,Shallow translation al,Reactivation in 2018,Moderately dissected slopes,"Shale, siltstone and sandstone of Disang Formation",,Moderate vegetation,Wet,Rainfall,Nil,Nil,Nil,,,Forest,Increased overburden pressure due to rainfall.,Slope hardening by plantation.,,,,111
3,MN/NON/8 3H/9/2018/ 0003,Manipur,Noney,83H/9,LS 3,NH37,24.79472222,93.65577778,"24°47'41""N","93°39'20.8""E",10,6,8,60,,90,12,Debris,Slide,,Reactivated,,Single,Shallow translation al,1. Initiated in July 2017 and Reactivation in 2018,Moderately dissected slopes,Shale of Upper Disang Formation,,Moderate vegetation,Damp,Rainfall,Nil,Nil,Nil,Road blockage,,Forest,Cut-fill failure.,Construction of Gabion wall from toe to the road.,,,,111
4,MN/NON/8 3H/9/2018/ 0004,Manipur,Noney,83H/9,LS 4,NH37,24.78766667,93.66666667,"24°47'15.6""N","93°40'0""E",12,8,10,96,,115.2,15,Debris,Slide,,Active,Retrogressi ve,Single,Shallow translation al,,Moderately dissected slopes,Sandstone and Shale,S⁰: 040⁰/18⁰→130⁰ JI-NS/89⁰→ E J2- 310⁰/55⁰→040⁰,M oderate vegetation,Wet,Rainfall,Nil,Nil,Nil,,,Forest,extensive slope cut and overburden pore pressure.,Slope stability by plantation and slope benching.,Planted Hibiscus plant for slope stability.,,,11
5,MN/NON/8 3H/9/2018/ 0005,Manipur,Noney,83H/9,LS 5,NH37,24.79825,93.72408333,"24°47'53.7""N","93°43'26.7""E",15,10,20,150,,375,80,Debris,Slide,,Reactivated,Retrogressi ve,Single,Shallow translation al,,Escarpment,"Shale, Sandstone and Siltstone",S⁰: NS/51⁰→W,Thick vegetation,Damp,Anthropogenic,Nil,Nil,Nil,,Damaged cables,Forest,Improper filling of the steep side of slope.,Slope benching by gabion wall from toe to road.,,,,11
6,MN/NON/8 3H/9/2018/ 0006,Manipur,Noney,83H/9,"LS 6, Kotlen Landslide",NH37,24.79138889,93.73541667,"24°47'29""N","93°44'7.5""E",95,130,90,"12,350",,"86,450",200,Debris,Slide,Rapid,Active,Advancing,Multiple,Deep translation al,Initiated on 12.06.18. Reactivated on 22.06.18.,Moderately dissected slopes,"Shale , Siltstone and Sandstone.","S J1⁰: 3 5 0 ⁰ / 4 7 ⁰ → 2 6 0 ⁰ , : 2 9 0 ⁰ / 7 6 ⁰ → 2 0 ⁰, J2: 215/62⁰→125⁰, J3: 60/78⁰→150⁰ and J4: 105⁰/66⁰→15⁰",Sparse vegetation,Dripping,Rainfall and anthropogenic.,Nil,Nil,Nil,Blockage of road,Damaged cables,Forest,Increased overburden pressure due to incessant rainfall.,1.Removing of overburden materials from the slope. 2. channeling water (rain water),,,,11
7,MN/NON/8 3H/9/2018/ 0007,Manipur,Noney,83H/9,LS 7,NH37,24.7955,93.73605556,"24°47'43.8""N","93°44'9.8""E",10,5,8,50,,75,10,Rock,Fall,,Active,Retrogressi ve,Single,Shallow translation al,Initiation in 2018,Escarpment,Massive shale,,Barren,Wet,Anthropogenic,Nil,Nil,Nil,,,Forest,Failure along weak plane.,Removal of debris and construction of gabion wall for 5m along the road.,,,,11
8,MN/NON/8 3H/9/2018/ 0008,Manipur,Noney,83H/9,LS 8,NH37,24.79727778,93.73777778,"24°47'50.2""N","93°44'16""E",9,4,9,36,,36,12,Debris,Slide,,Active,Retrogressi ve,Single,Shallow translation al,Initiation in 2018,Moderately dissected slopes,Disang shale,S⁰: 200⁰/57⁰→290⁰,Sparse vegetation,Wet,Rainfall,Nil,Nil,Nil,,,Forest,Increased pore pressure due to rainfall on overburden.,Removal of debris.,,,,11
9,MN/NON/8 3H/9/2018/ 0009,Manipur,Noney,83H/9,LS 9,NH37,24.798,93.736,"24°47'52.8""N","93°44'9.6""E",30,28,29,840,,"2,100",35,Debris,Slide,,Suspended,Diminishin g,Single,Shallow translation al,,Moderately dissected slopes,Shale and sandstone,S⁰: 010⁰/48⁰→290⁰,Sparse vegetation,Wet,Rainfall,Nil,Nil,Nil,,,Forest,Increased pore pressure on overburden.,Slope stabalization by plantation,,,,11
10,MN/NON/8 3H/9/2018/ 0010,Manipur,Noney,83H/9,LS 10,NH37,24.80425,93.73286111,"24°48'15.3""N","93°43'58.3""E",35,23,30,805,,"1,408.75",22,Debris,Slide,,Active,Retrogressi ve,Single,Deep Translatio nal failure,,Moderately dissected slopes,Shale of Upper Disang Formation,,Moderate vegetation,Damp,Rainfall,Nil,Nil,Nil,Road partially damaged,Damaged cables,Forest,Gully erosion by run-off.,1.Construcion of gabion wall from the toe to the road 2. Proper drainage system along the road.,,,,11
11,MN/NON/8 3H/9/2018/ 0011,Manipur,Noney,83H/9,LS 11,NH37,24.80863889,93.73572222,"24°48'31.1""N","93°44'8.6""E",19,14,18,266,,532,25,Debris,Slide,,Active,Retrogressi ve,Single,,,Moderately dissected slopes,Sandstone of Upper Disang,,Moderate vegetation and Quarry,Damp,Rainfall,Nil,Nil,Nil,,,Forest,Increased pore pressure on overburden.,1. Removal of debris 2. Lined drainage along the road.,,,,11
12,MN/NON/8 3H/9/2018/ 0012,Manipur,Noney,83H/9,LS 12,NH37,24.80991667,93.73611111,"24°48'35.7""N","93°44'10""E",13,12,10,156,,234,15,Debris,Slide,,Active,Retrogressi ve,Single,Shallow translation al,,Moderately dissected slopes,Sandstone and shale of Upper Disang Formation.,,Moderate vegetation,Wet,Rainfall,Nil,Nil,Nil,,,Forest,Toe erosion by nala.,1. Slope hardening by plantation 2. concrete wall along the toe.,,,,111
13,MN/NON/8 3H/9/2018/ 0013,Manipur,Noney,83H/9,LS 13,NH37,24.81583333,93.74019444,"24°48'57""N","93°44'24.7""E",36,37,36,"1,332",,"3,330",40,Debris,Slide,Rapid,Active,Retrogressi ve,Multiple,Shallow translation al,,Moderately dissected slopes,Shale and sandstone,S⁰: 180⁰/27⁰→W,Moderate vegetation,Flowing (Spring),Rainfall,Nil,Nil,Nil,,,Forest,Toe erosion by nala.,Proper channelling of stream.,,,,111
14,MN/TAM/ 83H/9/2018 /0014,Manipur,Tamenglon g,83H/9,LS 14,"Tamenglong- Tamei road, New Salem, Tamenglong",24.98594444,93.50494444,"24°59'9.4""N","93°30'17.8""E",15,12,9,180,,360,10,Soil,Slide,Rapid,Active,Retrogressi ve,Single,Shallow planar failure,"11th July, 2018. (Developmen t of cracks during 2017)",Highly dissected slope. Landslide occurred on the eastern flank of N-S trending Hill ridge Near Tamenglong town.,Highly weathered and friable Sandstone of Jenam Formation belonging to Barial group.,S⁰: 030⁰/9⁰→300⁰,Settlement,Wet,Rainfall,5,12,Nil,,2 houses damaged,Settlement,1. Construction of houses over the unconsolidated slope forming materials. 2. Slope cutting for the construction of house at lower level. 3. Ignorance of landslide indicators such as cracks in 2017.,1. Diversion of possible surface runoff water from the affected slope. 2. Consolidation of dumped materials. 3. Providing retaining stuctures.,Approved reports of GSI by Dr. C. D. Singh,,,1
15,MN/TAM/ 83H/9/2018 /0015,Manipur,Tamenglon g,83H/9,LS 15,"Below Police Station, New Salem, Tamenglong",24.98758333,93.50616667,"24°59'15.3""N","93°30'22.2""E",10,7,8,70,,140,2,Debris,Slide,Rapid,Active,Retrogressi ve,Single,Shallow planar failure,,,Highly weathered and friable Sandstone of Jenam Formation belonging to Barial group.,,Settlement,Wet,Rainfall,Nil,Nil,Nil,,2 houses damaged,Settlement,1. Increased in pore water pressure due to incessant heavy rainfall. 2. Unplanned cutting of slope and construction of houses on loose consolidated soil.,1. Benching of slope. 2. Avoid settlement in the area,,,,11
16,MN/TAM/ 83H/9/2018 /0016,Manipur,Tamenglon g,83H/9,LS 16,"16 Hougailong, Ward-4, Tamenglong",24.98269444,93.507,"24°58'57.7""N","93°30'25.2""E",25,15,22,375,,,40,Debris,Slide,Rapid,Active,Retrogressi ve,Single,Shallow planar failure,"11th July, 2018",TMS,Massive sandstone of Jenam group,,Escarpment,Wet,Rainfall,Nil,Nil,3 piglets and chickens .,road damaged,2 houses and pipelines damaged.,Settlement at the toe portion and forest at the crown portion.,1. Increased in pore water pressure due to incessant heavy rainfall reducing the strenght of the super saturated overburden. 2. Extensive slope cut for settlement and roads.,Stabilizing the slope by avoiding further slope cutting and construction of houses.,,,,11
17,MN/TAM/ 83H/9/2018 /0017,Manipur,Tamenglon g,83H/9,LS 17,NH-137,24.98261111,93.52,"24°58'57.4""N","93°31'12""E",7,3,5,21,,21,0,Debris,Slide,Rapid,Active,Retrogressi ve,Single,Shallow planar failure,,Lowly dissected slope,Massive sandstone of Laisong Formation,,Forest,Wet,Rainfall,Nil,Nil,Nil,road blocked,,Forest,1. Shallow planar failure. 2.Increased in pore water pressure due to heavy rainfall which reduced the strenght of overburden causing the debris to slide on the steep slope.,1. Removal of debris 2. Clearing of blocked drainage.,,,,111
18,MN/TAM/ 83H/9/2018 /0018,Manipur,Tamenglon g,83H/9,LS 18,NH-137,24.97861111,93.52827778,"24°58'43""N","93°31'41.8""E",6,5,5,30,,,5,Soil,Slide,Rapid,Active,Enlarging,Single,Shallow planar failure,,Transported Mid slope,Massive sandstone of Laisong Formation,270⁰/17⁰→N,Forest,Dripping,Rainfall,Nil,Nil,Nil,,,Forest,slide occurred due to heavy rainfall which increased the pore water pressure reducing the resistive strenght of the saturated overburden. Stability of the slope was reduced due to steep slope cut for construction of house. In addition a stream passes along the toe portion of the slide which received the run off draining the area.subsequently increasing the infiltration rate resulting to increased in the pore water pressure in the area.,1. Slope stabilization by planting trees. 2. Avoid settlement in the area.,,,,11
19,MN/TAM/ 83H/9/2018 /0019,Manipur,Tamenglon g,83H/9,LS 19,NH-137,24.98472222,93.52491667,"24°59'5""N","93°31'29.7""E",4,3,4,12,,,,Rock,Slide,Rapid,Active,Widening,Single,Shallow planar failure,,Moderately dissected slope,Massive friable sandstone of Laisong Formation.,,Thick vegetation,Dripping,Rainfall and anthropogenic factor like road cutting.,Nil,Nil,Nil,NH-137 Blocked.,,Forest,Unplanned cutting of slope on a friable massive sandstone and incessant rainfall caused the slide.,,,,,11
20,MN/TAM/ 83H/9/2018 /0020,Manipur,Tamenglon g,83H/9,LS 20,NH-137,24.98736111,93.52533333,"24°59'14.5""N","93°31'31.2""E",5,8,5,40,,,0,Rock,Slide,Rapid,Active,Enlarging,Single,Shallow planar failure,,Moderately dissected slope,Massive friable sandstone of Laisong Formation.,,Forest,Wet,Road cutting.,Nil,Nil,Nil,NH-137 Blocked.,,Forest,Unplanned cutting of slope on a friable massive sandstone.,1. Slope benching. 2. Removal of slide material from the toe. 3.Maintenance of drainage along the road.,,,,11
21,MN/TAM/ 83H/9/2018 /0021,Manipur,Tamenglon g,83H/9,LS 21,"Below LS- 15, New Salem, Tamenglong",24.98746389,93.50624444,"24°59'14.87""N","93°30'22.48""E",10,20,7,200,,200,0,Soil,Slide,Rapid,Active,Widening,Multiple,Shallow planar failure,,Transported Mid slope,Massive friable sandstone of Jenam Group.,,Settlement,Wet,Rainfall,Nil,Nil,Nil,,1 house damaged and 2 houses affected.,Settlement,1. Unplanned construction on a loose overburden soil. 2. The area seem to be a dumped waste site,1. Benching of slope. 2. Planting of trees. 3. Avoid settlement in the area.,,,,11
22,MN/TAM/ 83H/9/2018 /0022,Manipur,Tamenglon g,83H/9,LS 22,"Below NH- 137, New Salem area.",24.98686111,93.50602778,"24°59'12.7""N","93°30'21.7""E",10,19,10,190,,142.5,0,Debris,Slide,Moderate,Active,Widening,Single,Shallow planar failure,,Ridge,Siltstone and clay. The rock exposes exfoliation type of weathering which are very friable.,,Settlement,Wet,Rainfall,Nil,Nil,Nil,,,Settlement,1. Unplanned cutting of slope for construction of house and road. 2. Reduction of the strenght of the overburben materials by super-saturation.,1. Construction of retaining wall. 2. prociding a proper drainage. 3. Avoid construction of house in the sliding area.,,,,11
23,MN/TAM/ 83H/9/2018 /0023,Manipur,Tamenglon g,83H/9,LS 23,"Bhalok village, part- 3, Tamenglong district",24.97138889,93.55905556,"24°58'17""N","93°33'32.6""E",14,13,8,182,,364,0,Debris,Slide,Moderate,Active,Retrogressi ve,Single,Shallow rotational failure.,,Transported mid slope,Sandstone of Upper Disang Formation.,,Settlement and Jhum cultivation.,Dripping,Rainfall,Nil,Nil,Nil,Road and Footpath partially damaged.,,Settlement and Jhum cultivation.,1. Cutting of slope for Road alignment and Footpath. 2. Incessant rainfall increased the pore water pressureby infiltration of water on the footpath above the crown in the area reducing the resistive strenght of the overburden materials.,Provide a retaining wall with proper drainage system along the road.,,,,111
24,MN/TAM/ 83H/9/2018 /0024,Manipur,Tamenglon g,83H/9,LS 24,"Below Bhalok village, part- 1, Tamenglong district",24.97596111,93.56798333,"24°58'33.46""N","93°34'4.74""E",,,,,,,,Debris,Slide,Rapid,Active,Retrogressi ve,Single,Shallow planar failure,,Moderate dissected slope,Sandstone of Laisong Formation.,,Forest,,Rainfall,Nil,Nil,Nil,,,Forest,,Avoid anohtropogenic activities in the sliding area.,Data taken by remote sensing technigue.,,,111
25,MN/TAM/ 83H/9/2018 /0025,Manipur,Tamenglon g,83H/9,LS 25,"Tamenglong town, 150m NW of LS- 15",24.98969722,93.507075,"24°59'22.91""N","93°30'25.47""E",,,,,,,,Debris,Slide,Rapid,Active,Confined,Single,Shallow planar failure,,Escarpment,Massive sandstone of Jenam Formation.,,Forest,,Rainfall,Nil,Nil,Nil,footpath partially damaged,,Forest,1. Cutting of steep slope and loading of debris on the head portion of the slide.,Avoid construction of houses in the area.,Data taken by remote sensing technigue.,,,11
26,MN/TAM/ 83H/9/2018 /0026,Manipur,Tamenglon g,83H/9,LS 26,NH-37,24.97838889,93.50227778,"24°58'42.2""N","93°30'8.2""E",8,16,8,128,,64,0,Debris,Slide,Rapid,Active,Retrogressi ve,Single,Shallow planar failure,,Highly dissected slope,Massive sandstone of Jenam Formation.,,Settlement,Wet,Rainfall,Nil,Nil,Nil,NH-137 blocked,,Settlement,1. Steep cutting of slope. 2. Over saturation of the overburden,1. Benching of slope. 2. construction of lined drainage along the road.,,,,11
27,MN/TAM/ 83H/9/2018 /0027,Manipur,Tamenglon g,83H/9,LS 27,"above NH- 137,Tameng long town towards Noney",24.97775,93.50263889,"24°58'39.9""N","93°30'9.5""E",5,3,4,15,,7.5,0,Debris,Slide,Rapid,Active,Advancing,Single,Shallow planar failure,,Highly dissected slope,Massive sandstone of Jenam Formation.,290⁰/12⁰→200⁰,Settlement,Wet,Rainfall,Nil,Nil,Nil,,foundation of a house affected,Settlement,1. Unplanned construction which decrease the stability of the slope by steep wall cutting. 2. Higher infiltration of water which increased the pore water pressure reducing the strenght to resist the sliding force. A stream lies on the left flank of the slide draining the area resulting into increased in pore water pressure in addition to slope cut,1. Construction of retaining wall with weep holes. 2. Divergent of run-off to the stream.,,,,11
28,MN/TAM/ 83H/9/2018 /0028,Manipur,Tamenglon g,83H/9,LS 28,"Above NH- 137,Tameng long town towards Tamei",24.98452778,93.50986111,"24°59'4.3""N","93°30'35.5""E",8,5,6,40,,40,0,Soil,Slide,Rapid,Active,Advancing,Single,Shallow planar failure,,…..,Massive sandstone of Jenam Formation.,0⁰/21⁰→270⁰,Settlement,Wet,Rainfall,Nil,Nil,Nil,,,Settlement,1. Unplanned construction. 2. slope cutting at the toe portion. 3. Overloading of debris at head region.,,Retaining wall at the crown portion slided down along with the slide.,,,11
29,MN/NON/8 3H/09/2018 /0029,Manipur,Noney,83H/9,LS29,NH-37,24.86375,93.59891667,"24°51'49.5""N","93°35'56.1""E",10,28,7,280,,569,0,Debris,Slide,Slow,Active,Retrogressi ve,Multiple,Shallow planar failure,,Highly dissected slope,Shale of Upper Disang Formation,,Anthropogenic activity,Flowing,Anthropogenic activity- Road cutting.,Nil,Nil,Nil,road damaged,Gabion walls and pipelines damaged.,Forest,1. Toe erosion by stream 2. cut-fill failure,1. Reconstruction of Gabion wall 2. Proper drainage maintenance.,,,,11
30,MN/NON/8 3H/09/2018 /0030,Manipur,Noney,83H/9,LS30,NH-37,24.86341389,93.59871944,"24°51'48.29""N","93°35'55.39""E",3,3,3,9,,,0,Rock,Fall,rapid,Active,Retrogressi ve,Single,Shallow planar failure,,Escarpment,Sandstone and shale of Upper Disang.,,Barren,dry,Anthropogenic activity- Road cutting.,Nil,Nil,Nil,Road partially blocked,,Barren,Weak lithology with highly weathered and closely spaced joint planes.,Easing of the slope by benching.,,,,11
31,MN/NON/8 3H/09/2018 /0031,Manipur,Noney,83H/9,LS31,NH-37,24.86244444,93.59819444,"24°51'44.8""N","93°35'53.5""E",8,5,6,40,,40,,Debris,Slide,Slow,Active,Retrogressi ve,Single,Shallow planar failure,,Highly disected slope,Sandstone and shale interbands of Disang,,Anthropogenic activity,dry,Anthropogenic activity- Road cutting.,Nil,Nil,Nil,Road partially damaged.,cable wire damaged,Forest,Cut-fill failure.,1. Construction of support wall from toe. 2. Proper back filling.,,,,11
32,MN/NON/8 3H/09/2018 /0032,Manipur,Noney,83H/9,LS32,"NH-37, 310 ABOVE THE ROAD",24.86034722,93.57238333,"24°51'37.25""N","93°34'20.58""E",55,45,40,2475,,,0,Debris,Slide,rapid,Active,Retrogressi ve,Single,Shallow planar failure,,Moderately dissected slope,Sandstone and shale of Disang,,Anthropogenic activity,Dry,Rainfall and Anthropogenic activity-Road cutting,Nil,Nil,Nil,,,Forest,1. Planar failure. 2. Reduction of strenght on supersatuartion of the overburden.,1. Provide proper drainage channel.,,,,11
33,MN/NON/8 3H/09/2018 /0033,Manipur,Noney,83H/9,LS33,NH-37,24.85480556,93.57344444,"24°51'17.3""N","93°34'24.4""E",18,30,17,540,,540,0,Debris,Slide,Rapid,Active,Retrogressi ve,Single,Shallow planar failure,,Moderately dissected slope,Shale of Upper Disang Formation,,Moderate vegetation (Bamboo plantation),Dry,Rainfall and Anthropogenic activity-Road cutting,Nil,Nil,Nil,Road partially blocked,,Forest,Unplanned cutting of slope,1. Slope easing by slope benching. 2. Providing lined drainage.,,,,11
34,MN/NON/8 3H/09/2018 /0034,Manipur,Noney,83H/9,LS34,NH-37,24.86277778,93.58533333,"24°51'46""N","93°35'7.2""E",20,6,17,120,,120,0,Debris,Slide,rapid,Active,Retrogressi ve,Single,Shalllow planar failure,,Moderately dissected slope,Sandstone- shale interbands of Upper Disang Formation,,Moderate vegetation,Dry,Rainfall and Anthropogenic activity-Road cutting,Nil,Nil,Nil,Road partially blocked,,Forest,unplanned cutting of slope,1. Provide proper lined drainage.2. Slope benching,,,,11
35,MN/NON/8 3H/09/2018 /0035,Manipur,Noney,83H/9,LS35,NH-37,24.82066667,93.52544444,"24°49'14.4""N","93°31'31.6""E",,20,8,,,,0,Debris,Slide,Slow,Active,Retrogressi ve,Single,Shallow planar failure,,Moderately dissected slope,Shale of Disang Formation,,Moderate vegetation,Dry,Anthropogenic activity- Road cutting.,Nil,Nil,Nil,Road partially blocked,,Forest,Cut fill failure,Proper back filling with support wall.,,,,11
36,MN/NON/8 3H/09/2018 /0036,Manipur,Noney,83H/9,LS36,NH-37,24.83171944,93.514025,"24°49'54.19""N","93°30'50.49""E",18,10,15,180,,135,0,Debris,Slide,Rapid,Active,Retrogressi ve,Single,Shallow planar failure,,Moderately dissected slope,Sandstone- shale of Disang Formation,,Moderate vegetation,Dry,Anthropogenic activity- Road cutting.,Nil,Nil,Nil,Road partially blocked,,Forest,Unplanned cutting of slope,1. Slope easing by slope benching. 2. Providing proper drainage.,,,,11
37,MN/NON/8 3H/09/2018 /0037,Manipur,Noney,83H/9,LS37,NH-37,24.82933333,93.50705556,"24°49'45.6""N","93°30'25.4""E",14,12,13,168,,168,0,Debris,Slide,rapid,Active,Retrogressi ve,Single,Shallow planar failure,,Moderately dissected slope,Shale of Disang Formation,175⁰/24⁰→85⁰,Bamboo plantation,Dry,Anthropogenic activity- Road cutting.,Nil,Nil,Nil,Road partially blocked,,Forest,Planar failure and Steep cutting of slope for road alignment.,1. Removal of material from toe of the landslide. 2. Lined drainage along the road.,,,,11
38,MN/NON/8 3H/09/2018 /0038,Manipur,Noney,83H/9,LS38,NH-37,24.81624167,93.52311944,"24°48'58.47""N","93°31'23.23""E",10,6,9,60,,45,0,Debris,Slide,Rapid,Active,Retrogressi ve,Single,Shallow planar failure,,Escarpment,"Shale, siltstone and sandstone of Upper Disang Formation.",,Moderate vegetation,,Rainfall,Nil,Nil,Nil,,,Forest,Planar failure,,Data taken by remote sensing technigue. A natural slide.,,,111
39,MN/NON/8 3H/09/2018 /0039,Manipur,Noney,83H/9,LS39,Data taken from NH-37,24.819975,93.57665278,"24°49'11.91""N","93°34'35.95""E",10,5,7,50,,,0,Debris,Slide,Rapid,Active,Retrogressi ve,Single,Shallow planar failure,,Moderately dissected slope,Shale of Disang Formation,,Thick vegetation,,Rainfall,Nil,Nil,Nil,,,Forest,Planar failure,,Data taken by remote sensing technigue. A,,,111
40,MN/NON/8 3H/09/2018 /0040,Manipur,Noney,83H/9,LS40,Data taken from NH-37,24.82072778,93.57590556,"24°49'14.62""N","93°34'33.26""E",8,5,6,40,,,0,Debris,Slide,rapid,Active,Retrogressi ve,Single,Shallow planar failure,,Moderately dissected slope,Shale of Disang Formation,,Thick vegetation,,Rainfall,Nil,Nil,Nil,,,Forest,Planar failure,,nDaattuar atal kselind eb.y remote sensing technigue. A,,,111
41,MN/NON/8 3H/09/2018 /0041,Manipur,Noney,83H/9,LS41,Data taken from NH-37,24.83406944,93.57803889,"24°50'2.65""N","93°34'40.94""E",30,15,25,450,,900,0,Debris,Slide,,Active,Retrogressi ve,Single,Shallow planar failure,,MDS/ CFS,"Shale, siltstone and sandstone of Upper Disang Formation.",,Thick vegetation,Dry,Anthropogenic activity- Road cutting.,Nil,Nil,Nil,,,Forest,"Planar failure, unplanned cutting of slope and toe erosion by the Ijai river.",Slope benching. Construction of concrete wall from the toe portion of the slide upto the road alignment.,nDaattuar atal kselind eb.y remote sensing technigue,,,111
42,MN/NON/8 3H/09/2018 /0042,Manipur,Noney,83H/9,LS42,NH-37,24.86327222,93.57404444,"24°51'47.78""N","93°34'26.56""E",18,36,15,648,,"1,944",0,Debris,Slide,Rapid,Active,Widening,Single,deep planar failure,,Lowly dissected slope,Shale of Upper Disang Formation,,Escarpment,Dry,Anthropogenic activity- Road cutting.,Nil,Nil,Nil,,,barren,1. Planar failure 2.Reduction of strenght on super-saturation of overburden materials.,1. Plantation of trees for slope hardening. 2. Diversion of run-off waterfrom the crown.,,,,111
43,MN/NON/8 3H/09/2018 /0043,Manipur,Noney,83H/9,"LS 43, Tupul slide",NH-37 Tupu slide,24.77988889,93.66388889,"24°46'47.6""N","93°39'50""E",55,100,40,5500,,"16,500",0,Debris,creep,Slow,Active,Retrogressi ve,Successiv e,deep planar failure,"Creeping since January 4, 2016?",colluvial footslope,Shale of Upper Disang Formation,,Settlement,Dripping,Earthquake,Nil,1 Family affected by the slide.,Nil,,1 house damaged,settlement,1. Increased in pore water pressure. Subsequentlly reducing the frictional strenght of the over burden materials. 2. springs developed after the earthquake. 3. toe erosion by the Ijai river.,1. Avoid settlement in the area.,Active fault zone????,,,11
44,MN/NON/8 3H/09/2018 /0044,Manipur,Noney,83H/9,LS44,Tupul- Charai Chakatlong highway,24.78461111,93.65952778,"24°47'4.6""N","93°39'34.3""E",150,40,,6000,,"15,000",0,Debris,Subsidence,Moderate,Active,Retrogressi ve,Successiv e,deep planar failure,initiated at 1972,colluvial footslope,Shale of Upper Disang Formation,,Thick vegetation (Bamboo plantation),Dripping,Rainfall,Nil,Nil,Nil,road sinking,,Forest,1. Reduction of strenght of the over burden by super- saturation,Avoid habitation in the area.,,,,11
45,MN/NON/8 3H/09/2018 /0045,Manipur,Noney,83H/9,LS45,,24.81561667,93.68667222,"24°48'56.22""N","93°41'12.02""E",8,8,,64,,32,0,Soil,Slide,Moderate,Active,Retrogressi ve,Single,Shallow planar failure,,highly dissected slope,Flaggy sandstone with subordinate shale of Laisong Fm.,,Moderate vegetation,dry,Rainfall,Nil,Nil,Nil,,,Forest,,Avoid Jhum and cultivation in the area.,Data taken by remote sensing technigue. A natural slide.,,,111
46,MN/NON/8 3H/09/2018 /0046,Manipur,Noney,83H/9,LS46,NH-37,24.78725,93.69669444,"24°47'14.1""N","93°41'48.1""E",,8,,,,,,Debris,Slide,Rapid,Active,Retrogressi ve,Single,Shallow planar failure,,Modertely dissected slope,Flaggy sandstone with subordinate shale of Laisong Fm.,,Forest,Dry,Rainfall,Nil,Nil,Nil,,,Forest,,,,,,11
47,MN/NON/8 3H/09/2018 /0047,Manipur,Noney,83H/9,LS47,NH-37,24.80077778,93.70261111,"24°48'2.8""N","93°42'9.4""E",15,20,,300,,,0,Debris,Slide,Rapid,Active,Retrogressi ve,Single,Shallow planar failure,,Escarpment,Shale and Siltstone,S⁰: 160⁰/48⁰→70⁰,Thick vegetation,Dry,Anthropogenic activity- Road cutting.,Nil,Nil,Nil,Road partially blocked,,Forest,1. Planar failure. 2. Reduction of strenght on supersatuartion of the overburden added by steep slope cut for road alignment.,1. slope easing by benching 2.Drainage line along the road.,,,,11
48,MN/NON/8 3H/09/2018 /0048,Manipur,Noney,83H/9,LS48,Data taken from NH-37,24.80241667,93.699175,"24°48'8.7""N","93°41'57.03""E",15,8,,120,,120,0,Debris,Slide,Rapid,Active,Retrogressi ve,Single,Shallow planar failure,,Moderately dissected slope,Flaggy sandstone with subordinate shale of Laisong Fm.,,Sparse vegetation,dry,Rainfall,Nil,Nil,Nil,,,Forest,,Avoid anthropogenic activities.,Data taken by remote sensing technigue. A natural slide.,,,111
49,MN/NON/8 3H/09/2018 /0049,Manipur,Noney,83H/9,LS49,NH-37,24.79968889,93.70633611,"24°47'58.88""N","93°42'22.81""E",20,29,17,580,,"1,160",0,Debris,Slide,rapid,Active,Retrogressi ve,Single,Shallow planar failure,,Moderately dissected slope,Sandstone- shale interbands of Laisong Formation,,Thick vegetation,Dry,Anthropogenic activity- Road cutting.,Nil,Nil,Nil,Road partially blocked,,Forest,1. Increase in pore water pressure reducing the strenght of the overburden.,1. Slope hardening by plantation 2. slope benching.,,,,11
50,MN/NON/8 3H/09/2018 /0050,Manipur,Noney,83H/9,LS50,Data taken from NH-37,24.79631944,93.737025,"24°47'46.75""N","93°44'13.29""E",28,10,,280,,280,0,Debris,Slide,Rapid,Active,Retrogressi ve,Single,Shallow planar failure,,Moderately dissected slope,"Shale, siltstone and sandstone of Upper Disang Formation.",,Thick vegetation,Dry,Anthropogenic activity- Road cutting.,Nil,Nil,Nil,,,Forest,,Slope hardening by plantation.,Data taken by remote sensing technigue. A natural slide.,,,11
51,MN/NON/8 3H/09/2018 /0051,Manipur,Noney,83H/9,LS51,NH-37,24.78588889,93.73686111,"24°47'9.2""N","93°44'12.7""E",11,8,9,88,,66,0,Debris,Slide,Moderate,Active,Retrogressi ve,Single,Shallow planar failure,,Highly dissected slope,Sandstone- shale interbands of Upper Disang Formation,,Moderate vegetation.,Dripping,Anthropogenic activity- Road cutting.,Nil,Nil,Nil,Road partially blocked,,Forest,1. Planar failure. 2. Increase in pore water pressure reducing the strenght of the over burden materials to resist sliding.,1. Proper channel to divert the spring water and maintenance of the lined drainage.,,,,11
52,MN/NON/8 3H/09/2018 /0052,Manipur,Noney,83H/9,LS52,NH-37,24.79694444,93.73758333,"24°47'49""N","93°44'15.3""E",25,18,20,450,,900,0,Debris,Slide,rapid,Active,Retrogressi ve,Single,Shallow planar failure,,higly dissected slope,Sandstone and shale of Upper Disang Formation.,,Sparse vegetation,Dry,Anthropogenic activity- Road cutting.,Nil,Nil,Nil,Road partially blocked,,Forest,1. Planar failure. 2. increase in pore water pressure. 3. steep cutting of slope for road alignment.,1. Providing lined drainage. 2. slope benching.,,,,11
53,MN/NON/8 3H/09/2018 /0053,Manipur,Noney,83H/9,LS53,Data taken from NH-37,24.800125,93.700025,"24°48'0.45""N","93°42'0.09""E",25,9,20,225,,168.75,0,Debris,Slide,Rapid,Active,Retrogressi ve,Single,Shallow planar failure,,Escarpment,Flaggy sandstone with subordinate shale of Laisong Fm.,,Thick vegetation,Dry,rainfall,Nil,Nil,Nil,,,Forest,,,Data taken by remote sensing technigue. A natural slide.,,,111
54,MN/NON/8 3H/09/2018 /0054,Manipur,Noney,83H/9,LS54,Tupul- Charai Chakatlong highway,24.79038611,93.65704444,"24°47'25.39""N","93°39'25.36""E",20,24,18,480,,"1,440",0,Debris,Slide,Rapid,Active,Retrogressi ve,Single,Shallow planar failure,,Escarpment,Shale- sandstone rocks of Disang Formation,S⁰: 260⁰/60⁰→350⁰,Thick vegetation,Dry,Anthropogenic activity- Road cutting.,Nil,Nil,Nil,Road partially blocked,,Forest,1. Planar failure. 2. steep cutting of slope for road alignment.,1. Slope benching. 2. Slope hardening,,,,11
55,MN/NON/8 3H/09/2018 /0055,Manipur,Noney,83H/9,LS55,Tupul- Charai Chakatlong highway,24.76933333,93.65372222,"24°46'9.6""N","93°39'13.4""E",15,12,11,180,,360,0,Debris,Slide,Rapid,Active,Widening,Single,Shallow planar failure,,colluvial footslope,Shale of Disang Formation,,Bamboo plantation,Dry,Anthropogenic activity- Road cutting.,Nil,Nil,Nil,Road partially blocked,,Settlement,1. Excessive cutting of slope for road alignment.,1. Slope hardening. 2. Slope benching,,,,11
56,MN/NON/8 3H/09/2018 /0056,Manipur,Noney,83H/9,LS56,"Lukhambi, Noney, NH- 37",24.86473889,93.62524444,"24°51'53.06""N","93°37'30.88""E",25,30,20,750,,,0,Debris,Slide,rapid,Active,Widening,Single,Shallow planar failure,,Moderately dissected slope,"Shale, siltstone, Greywacke rhythmite and sandstone of Upper Disang Formation.",,Settlement,Dry,Anthropogenic activity- Road cutting.,Nil,Nil,Nil,Road partially blocked,,Settlement,1. Excessive cutting of slope for road alignment. 2. Increase in pore water pressure due to expossure of the overburden to environment.,1. Slope hardening. 2. Slope benching. 3. proper lined drainage.,,,,11
57,MN/NON/8 3H/09/2018 /0057,Manipur,Noney,83H/9,LS57,Data taken from Noney- Haochong road.,24.87215278,93.62386111,"24°52'19.75""N","93°37'25.9""E",,,,,,,,Debris,Slide,,Active,Retrogressi ve,Single,Shallow planar failure,,Escarpment,"Shale, siltstone, Greywacke rhythmite and sandstone of Upper Disang Formation.",,Thick vegetation,Dry,Rainfall,Nil,Nil,Nil,,,Forest,1. Increase in pore water pressure reducing the strenght of the overburden to resist sliding.,Avoid anthropogenic activities.,Data taken by remote sensing technigue.,,,111
58,MN/NON/8 3H/09/2018 /0058,Manipur,Noney,83H/9,LS58,Data taken from Noney- Haochong road.,24.86769444,93.62585833,"24°52'3.7""N","93°37'33.09""E",,,,,,,,debris,Subsidence,,Active,Retrogressi ve,Single,Shallow planar failure,,Lowly dissected slope,"Shale, siltstone, Greywacke rhythmite and sandstone of Upper Disang Formation.",,Moderate vegetation,Dry,Rainfall and anthropogenic activity,Nil,Nil,Nil,Road partially damaged.,,Forest,Steep cutting of slope for road alignment.,Easing of the slope by benching.,Data taken by remote sensing technigue.,,,11
59,MN/NON/8 3H/09/2018 /0059,Manipur,Noney,83H/9,LS59,Data taken from Haochong village,24.92286111,93.63314444,"24°55'22.3""N","93°37'59.32""E",30,9,,270,,,0,Debris,Slide,,Active,Retrogressi ve,Single,Shallow planar failure,,Ridge,Flaggy sandstone with subordinate shale of Laisong Formation.,,Thick vegetation,,Rainfall,Nil,Nil,Nil,,,Forest,,,Data taken by remote sensing technigue.,,,111
60,MN/NON/8 3H/09/2018 /0060,Manipur,Noney,83H/9,LS60,,24.94377778,93.70647222,"24°56'37.6""N","93°42'23.3""E",12,10,,120,,,0,Debris,Slide,Rapid,Active,Advancing,Single,Shallow planar failure,,Ridge,Sandstone of Barail Formation.,,Thick vegetation,Dry,Rainfall,Nil,Nil,Nil,,,Forest,,,Data taken by remote sensing technigue.,,,111
61,MN/NON/8 3H/09/2018 /0061,Manipur,Noney,83H/9,LS61,,24.96505278,93.73151389,"24°57'54.19""N","93°43'53.45""E",15,8,,120,,90,0,Debris,Slide,Moderate,Active,Retrogressi ve,Single,Shallow planar failure,,Ridge,Flaggy sandstone with subordinate shale of Laisong Fm.,,Thick vegetation,Dry,Rainfall,Nil,Nil,Nil,,,Forest,,,Data taken by remote sensing technigue.,,,111
62,MN/NON/8 3H/09/2018 /0062,Manipur,Noney,83H/9,LS62,Data taken from Haochong village- Noney highway,24.89016667,93.70757222,"24°53'24.6""N","93°42'27.26""E",,,,,,,,Debris,Slide,Rapid,Active,Retrogressi ve,Single,,,Valley,Flaggy sandstone with subordinate shale of Laisong Fm.,,Thick vegetation,,,Nil,Nil,Nil,,,Forest,Toe erosion by river,,Data taken by remote sensing technigue.,,,111
63,MN/NON/8 3H/09/2018 /0063,Manipur,Noney,83H/9,LS63,Dolang- Zouyantak road,24.66388889,93.67905556,"24°39'50""N","93°40'44.6""E",40,38,30,1520,,,0,Debris,Slide,very slow,Active,Retrogressi ve,Single,shallow planar failure,,Moderate dissected slope,Well bedded sandstone with minor shale partings of Upper Disang Formation.,,Extensive slope cut,Dry,Anthropogenic factors- roadcutting,Nil,Nil,Nil,Road damaged,,Forest,Unplanned cutting of slope,1. Slope easing by benching. 2. lined darainage along the road.,,,,11
64,MN/NON/8 3H/09/2018 /0064,Manipur,Noney,83H/9,LS64,Dolang- Zouyantak road,24.6525,93.676,"24°39'9""N","93°40'33.6""E",7,12,6,84,,,0,Debris,Slide,Rapid,Active,Retrogressi ve,Single,Shallow planar failure,,,Shale with sandstone of Upper Disang Formation.,,Moderate vegetation,Dry,Anthropogenic factors- roadcutting,Nil,Nil,Nil,Road partially blocked,,Forest,Steep cutting of slope for road alignment.,1. Slope easing by benching. 2. lined darainage along the road.,,,,11
65,MN/NON/8 3H/09/2018 /0065,Manipur,Noney,83H/9,LS65,Noney to Marangchin g road,24.83402778,93.644,"24°50'2.5""N","93°38'38.4""E",30,40,25,1200,,,0,Rock,Slide,Rapid,Active,Widening,Multiple,Shallow planar failure,,Highly dissected slope,Sandstone with shale of Barial Formation.,S⁰: 005⁰/80⁰→275⁰ J1: 280⁰/45⁰→010⁰ J2: 105⁰/45⁰→195⁰,T hick v egetation,Dry,Anthropogenic factors- roadcutting,Nil,Nil,Nil,,,Forest,"Planar failure, unplanned cutting of slope and rocks are jointed.",Slope benching with a proper lined drainage.,,,,11
66,MN/NON/8 3H/09/2018 /0066,Manipur,Noney,83H/9,LS66,Noney to Marangchin g road,24.80055556,93.67422222,"24°48'2""N","93°40'27.2""E",18,9,15,162,,,0,Rock,Slide,Rapid,Active,Retrogressi ve,Single,Shallow planar failure,,Highly dissected slope,Sandstone of Barial Group.,,Moderate vegetation,Dry,Anthropogenic factors- roadcutting,Nil,Nil,Nil,Road partially blocked,,Forest,Planar failure.,Slope benching.,,,,11
67,MN/NON/8 3H/09/2018 /0067,Manipur,Noney,83H/9,LS67,data taken from NH-37,24.85404444,93.58533056,"24°51'14.56""N","93°35'7.19""E",35,25,30,875,,,0,,Slide,Rapid,Active,Retrogressi ve,Single,Shallow planar failure,,Moderately dissected slope,Shale with Sandstone beds of Upper Disang Formation,,Moderate vegetation,,Rainfall,Nil,Nil,Nil,,,Forest,Toe erosion by Ijai river,,Data taken by remote sensing technigue.,,,111
68,MN/NON/8 3H/09/2018 /0068,Manipur,Noney,83H/9,LS68,Noney to Kabui Khullen road,24.88855556,93.64147222,"24°53'18.8""N","93°38'29.3""E",,,,,,,,Debris,Slide,Rapid,Active,,Singlr,Shallow planar failure,,Escarpment,"Shale, siltstone, Greywacke rhythmite and sandstone of Upper Disang Formation.",,Thick vegetation,,,Nil,Nil,Nil,,,Forest,,,Data taken by remote sensing technigue.,,,111
69,MN/NON/8 3H/09/2018 /0069,Manipur,Noney,83H/9,LS69,Noney to Kabui Khullen road,24.98103056,93.65467778,"24°58'51.71""N","93°39'16.84""E",,,,,,,,Debris,Slide,Rapid,Active,Retrogressi ve,single,Shallow planar failure,,Escarpment,Flaggy sandstone with subordinate shale of Laisong Formation.,,thick vegetation,,rainfall,Nil,Nil,Nil,,,Forest,,,Data taken by remote sensing technigue.,,,111
70,MN/NON/8 3H/09/2018 /0070,Manipur,Noney,83H/9,LS70,Noney to Kabui Khullen road,24.975175,93.65293889,"24°58'30.63""N","93°39'10.58""E",,,,,,,,Debris,Slide,,,,Single,Shallow planar failure,,Escarpment,Flaggy sandstone with subordinate shale of Laisong Formation.,,Thick vegetation,,rainfall,Nil,Nil,Nil,,,Forest,,,Data taken by remote sensing technigue.,,,111
71,MN/NON/8 3H/09/2018 /0071,Manipur,Noney,83H/9,LS71,Noney to Kabui Khullen road,24.98798611,93.67125833,"24°59'16.75""N","93°40'16.53""E",,,,,,,,Debris,Slide,,,,Single,Shallow planar failure,,Escarpment,"Carbonaceous sandy shale, sandstone and coal seam of Jenam Formation.",,Thick vegetation,,Rainfall,Nil,Nil,Nil,,,Forest,,,Data taken by remote sensing technigue.,,,111
72,MN/NON/8 3H/09/2018 /0072,Manipur,Noney,83H/9,LS72,Noney to Kabui Khullen road,24.97412778,93.66612778,"24°58'26.86""N","93°39'58.06""E",,,,,,,,Debris,Slide,,,,Single,Shallow planar failure,,Escarpment,Flaggy sandstone with subordinate shale of Laisong Formation.,,Thick Vegetation,,Rainfall,Nil,Nil,Nil,,,Forest,,,Data taken by remote sensing technigue.,,,111
73,MN/NON/8 3H/09/2018 /0072,Manipur,Noney,83H/9,LS73,Noney to Kabui Khullen road,24.93561111,93.65444444,"24°56'8.2""N","93°39'16""E",10,8,9,80,,40,0,Debris,Slide,Rapid,Active,Retrogressi ve,Single,Shallow planar failure,,colluvial footslope,"Shale, siltstone, Greywacke rhythmite and sandstone of Upper Disang Formation.",,Extensive slope cut,dry,rainfall,Nil,Nil,Nil,,,Forest,Cut fill failure,1. Support wall for the road from toe erosion. 2. Proper back filling.,,,,11
74,MN/NON/8 3H/09/2018 /0072,Manipur,Noney,83H/9,LS74,Below NH- 37,24.80861111,93.72907778,"24°48'31""N","93°43'44.68""E",15,18,13,270,,,0,Debris,Slide,Rapid,Active,Retrogressi ve,Single,Shallow planar failure,,Moderately dissected slope,Shale sandstone beds of Upper Disang Formation.,S⁰: 035⁰/50⁰→305⁰ J1: 310⁰/76⁰→220⁰,M oderate vegetation,dry,Anthropgenic,Nil,Nil,Nil,,,Forest,Extensive slope cut.,Slope benching.,,,,11
75,MN/NON/8 3H/09/2018 /0072,Manipur,Noney,83H/9,LS75,Below NH- 37,24.79804167,93.72243889,"24°47'52.95""N","93°43'20.78""E",15,10,13,150,,,0,Debris,Slide,Rapid,Active,Retrogressi ve,Single,Shallow planar failure,,Highly dissected slope,Shale- sandstone intercalation of Laisong Formation,,Thick vegetation,dry,rainfall,Nil,Nil,Nil,,,Forest,,,Data taken by remote sensing technigue.,,,111
76,MN/NON/8 3H/09/2018 /0072,Manipur,Noney,83H/9,LS76,Kharam to Noney road,24.83438611,93.715025,"24°50'3.79""N","93°42'54.09""E",20,5,18,100,,,0,Debris,Slide,Rapid,Active,Retrogressi ve,Single,Shallow planar failure,,,Flaggy sandstone with subordinate shale of Laisong Formation.,,Thick vegetation,Dry,Rainfall,Nil,Nil,Nil,,,Forest,,,Data taken by remote sensing technigue.,,,111
77,MN/NON/8 3H/09/2018 /0072,Manipur,Noney,83H/9,LS77,Kharam to Noney road,24.82295278,93.71075556,"24°49'22.63""N","93°42'38.72""E",20,5,18,100,,,0,Debris,Slide,Rapid,Active,Retrogressi ve,Single,Shallow planar failure,,,Flaggy sandstone with subordinate shale of Laisong Formation.,,Thick vegetation,,Rainfall,Nil,Nil,Nil,,,Forest,,,Data taken by remote sensing technigue.,,,111
78,MN/NON/8 3H/09/2018 /0072,Manipur,Noney,83H/9,LS78,Kharam to Noney road,24.829225,93.72047222,"24°49'45.21""N","93°43'13.7""E",16,8,15,128,,,0,Soil,Slide,Rapid,Active,Retrogressi ve,Single,Shallow planar failure,,Moderately dissected slope,Flaggy sandstone with subordinate shale of Laisong Formation.,,Banana plantation,Dry,Rainfall,Nil,Nil,Nil,,,Plantation,,,Data taken by remote sensing technigue.,,,111
79,MN/NON/8 3H/09/2018 /0079,Manipur,Noney,83H/9,LS79,Maranching to Noney highway,24.81893611,93.68893889,"24°49'8.17""N","93°41'20.18""E",20,12,18,240,,,,Debris,Slide,Rapid,Active,Retrogressi ve,Single,Shallow planar failure,,Moferately dissected slope,Sandstone with shale partings,,Extensive slope cut,dry,Anthropogenic,Nil,Nil,Nil,,,Forest,1. Extensive slope cut. 2. Increase in pore pressure on over burden by incessant rainfall.,Slope benching and slope hardening by planting trees.,Data taken by remote sensing technigue.,,,11
80,MN/NON/8 3H/09/2018 /0080,Manipur,Noney,83H/9,LS80,Maranching to Noney highway,24.81793889,93.68867778,"24°49'4.58""N","93°41'19.24""E",20,10,18,200,,,,Debris,Slide,Rapid,Active,Retrogressi ve,Single,Shallow planar failure,,Moderately dissected slope,Sandstone with shale partings,,Extensive slope cut,dry,Anthropogenic,Nil,Nil,Nil,,,Forest,1. Extensive slope cut. 2. Increase in pore pressure on over burden by incessant rainfall.,Slope benching and slope hardening by planting trees.,Data taken by remote sensing technigue.,,,11
81,MN/NON/8 3H/09/2018 /0081,Manipur,Noney,83H/10,LS81,Outskirt of Thanggal village,24.75608889,93.62203889,"24°45'21.92""N","93°37'19.34""E",,,,,,,,Debris,Slide,Rapid,Active,,Single,Shallow planar failure,,Ridge,"Shale, siltstone and sandstone of Upper Disang Formation",,Moderate Vegetation,Dry,Rainfall,Nil,Nil,Nil,,,Forest,,,Data taken by remote sensing technigue.,,,111
82,MN/NON/8 3H/09/2018 /0082,Manipur,Noney,83H/10,LS82,Zouyantek to Imphal highway,24.64144444,93.69163889,"24°38'29.2""N","93°41'29.9""E",10,35,7,350,,,0,Debris,Slide,rapid,Active,Retrogressi ve,Single,Shallow planar failure,,Transportationa l Mid slope,Shale and Sandstone alteration of Upper Disang.,S⁰: 010⁰/47⁰→100⁰,Plantation (LHP),Dry,Rainfall,Nil,Nil,Nil,,,Banana plantation,1. Extensive slope cut. 2. Increase in pore pressure on over burden by incessant rainfall.,Benching of slope,,,,11
83,MN/NON/8 3H/09/2018 /0083,Manipur,Noney,83H/10,LS83,Zouyantek to Imphal highway,24.63980556,93.69133333,"24°38'23.3""N","93°41'28.8""E",30,20,15,600,,"2,400",0,Debris,Slide,Rapid,Active,Retrogressi ve,Single,Shallow planar failure,,Transportationa l Mid slope,Shale and Sandstone alteration of Upper Disang.,S⁰: 005⁰/47⁰→105⁰ J1: 110⁰/77⁰→200⁰,S parse vegetation,Dry,Rainfal,Nil,Nil,Nil,,,Forest,1. Extensive slope cut. 2. Increase in pore pressure on over burden by incessant rainfall as it is located close to the vicinity of the stream.,Removal of debri materials from the stream and providing a free passage for water to flow downstream.,Astream flowing on the left flank of the slide.,,,11
84,MN/NON/8 3H/09/2018 /0084,Manipur,Noney,83H/10,LS84,Zouyantek to Imphal highway,24.63931111,93.69111111,"24°38'21.52""N","93°41'28""E",10,16,8,160,,320,0,Debris,Slide,Rapid,Active,Retrogressi ve,Single,Shallow planar failure,,Transportationa l Mid slope,Shale and Sandstone alteration of Upper Disang.,,Sparse vegetation,Dripping,Rainfall,Nil,Nil,Nil,,,Forest,1. Extensive slope cut. 2. Increase in pore pressure on over burden by incessant rainfall.,Benching of slope,proper drainage provided.,,,11
85,MN/NON/8 3H/09/2018 /0085,Manipur,Noney,83H/10,LS85,Zouyantek to Imphal highway,24.63780556,93.69075,"24°38'16.1""N","93°41'26.7""E",60,30,38,1800,,"5,400",0,Debris,Slide,Rapid,Active,Retrogressi ve,Single,Shallow planar failure,,Transportationa l Mid slope,Intercalation of sandstone in Friable Shale of Upper Disang.,S⁰: 156⁰/17⁰→066⁰ J1: 085⁰/87⁰→175⁰,S parse vegetation,Dripping,Rainfall,Nil,Nil,Nil,Road partially damaged.,,Forest,Seepage of water which added to the increased in pore water pressure of the slide area. Thus reducing the cohesive strenght of the overburden materials and causing the materials to slide.,Benching of slope and planting deep rooted plants to bind the materials.,Trees bend on the left flank of the slide and cracks developed on the road.,,,11
86,MN/NON/8 3H/09/2018 /0086,Manipur,Noney,83H/10,LS86,Data taken from Sangji village,24.69976111,93.65004722,"24°41'59.14""N","93°39'0.17""E",,,,,,,,Debris,Slide,,Active,Retrogressi ve,Single,Shallow planar failure,,Moderately dissected slope,Intercalation of sandstone in Friable Shale of Upper Disang.,,`Plantation (LHP),Dry,Rainfall,Nil,Nil,Nil,,,Agriculture,,,Data taken by remote sensing technigue.,,,111
87,MN/NON/8 3H/09/2018 /0087,Manipur,Noney,83H/10,LS87,Data taken from Sangji village,24.69839167,93.64418333,"24°41'54.21""N","93°38'39.06""E",,,,,,,,Debris,Slide,,Active,Retrogressi ve,Single,Shallow planar failure,,Moderately dissected slope,"Shale, siltstone, Greywacke rhythmite and sandstone of Upper Disang Formation.",,`Plantation (LHP),Dry,Rainfall,Nil,Nil,Nil,,,Agriculture,,,Data taken by remote sensing technigue.,,,111
88,MN/NON/8 3H/09/2018 /0088,Manipur,Noney,83H/10,LS88,Data taken from Sangji village- Dolang village,24.67240556,93.69685833,"24°40'20.66""N","93°41'48.69""E",,,,,,,,Debris,Slide,rapid,Active,Retrogressi ve,Single,Shallow planar failure,,colluvial footslope,"Shale, siltstone, Greywacke rhythmite and sandstone of Upper Disang Formation.",,,,Rainfall,Nil,Nil,Nil,,,Forest,Toe erosion by the stream as the slide is located on the cut bank slope of the stream.,,Data taken by remote sensing technigue.,,,111
89,MN/NON/8 3H/09/2018 /0089,Manipur,Noney,83H/10,LS89,Data taken from Sangji village- Dolang village,24.67256944,93.6973,"24°40'21.25""N","93°41'50.28""E",,,,,,,,Debris,Slide,rapid,Active,Retrogressi ve,Single,Shallow planar failure,,colluvial footslope,"Shale, siltstone, Greywacke rhythmite and sandstone of Upper Disang Formation.",,,,Rainfall,Nil,Nil,Nil,,,Forest,,,Data taken by remote sensing technigue.,,,111
90,MN/NON/8 3H/09/2018 /0090,Manipur,Noney,83H/10,LS90,Data taken from Sangji village- Dolang village,24.68313889,93.69625833,"24°40'59.3""N","93°41'46.53""E",,,,,,,,Debris,Slide,Rapid,Active,Retrogressi ve,Single,Shallow planar failure,,Moderately dissected slope,"Shale, siltstone, Greywacke rhythmite and sandstone of Upper Disang Formation.",,,,Rainfall,Nil,Nil,Nil,,,Forest,,,Data taken by remote sensing technigue.,,,111
91,MN/NON/8 3H/09/2018 /0091,Manipur,Noney,83H/10,LS91,Data taken from Khongbung village,24.660825,93.63215556,"24°39'38.97""N","93°37'55.76""E",,,,,,,0,Debris,Slide,Moderate,Active,Retrogressi ve,Single,Shallow planar failure,,Moderately dissected slope,"Shale, siltstone, Greywacke rhythmite and sandstone of Upper Disang Formation.",,Moderate vegetation,Dry,Rainfall,Nil,Nil,Nil,,,Forest,,,Data taken by remote sensing technigue.,,,111
92,MN/NON/8 3H/09/2018 /0092,Manipur,Noney,83H/10,LS92,Along Imphal- Khuopum road.,24.64136944,93.62300833,"24°38'28.93""N","93°37'22.83""E",15,15,13,225,,112.5,0,Debris,Slide,Rapid,Active,Retrogressi ve,Single,Shallow planar failure,,Moderately dissected slope,Splintery shale and siltstone with sandstone partings.,S⁰: 153⁰/23⁰→243⁰,M oderate vegetation,Dry,Rainfall,Nil,Nil,Nil,,,Forest,Increased in pore water pressure of the slide area. Thus reducing the cohesive strenght of the overburden materials and causing the materials to slide. In addition steep slope cut is another causal factor for the sliding.,,Debris removed from the road and proper line drainage provided.,,,11
93,MN/NON/8 3H/09/2018 /0093,Manipur,Noney,83H/10,LS93,Along Imphal- Khuopum road.,24.64063889,93.62031111,"24°38'26.3""N","93°37'13.12""E",70,53,55,3710,,18550,0,Debris,Slide,Moderate,Active,Retrogressi ve,Single,Deep planar failure,,Moderately Dissected slope,"Sandstone, siltstone and shale. Sandstones are closely spaced joints.",S⁰: 320⁰/46⁰→230⁰ J1: 345⁰/53⁰→255⁰,L ow Height Plantation,Dry,Rainfall,Nil,Nil,Nil,,,Forest,1. Steep slope cutting. Consequent beds with the slope. 3. Highly sheared Sandstone beds.,1. Concrete walls to be provided at the road bench with proper weep holes.,,,,11
94,MN/NON/8 3H/09/2018 /0094,Manipur,Noney,83H/10,LS94,"Data taken from Imphal- Khuopum road, lying above Khongbung",24.65315556,93.64640556,"24°39'11.36""N","93°38'47.06""E",14,4,13,56,,28,0,Debris,Slide,Moderate,Active,Retrogressi ve,Single,Shallow planar failure,,colluvial footslope,"Shale, Sandstone and Siltstone of Lower Disnag Formation",,Low Height Plantation,Dry,Rainfall,Nil,Nil,Nil,,,Agriculture,,,Data taken by remote sensing technigue.,,,111
95,MN/NON/8 3H/09/2018 /0095,Manipur,Noney,83H/10,LS95,Along Imphal- Khuopum road.,24.64949167,93.67952222,"24°38'58.17""N","93°40'46.28""E",105,144,55,15120,,75600,0,Debris,Creep,Slow,Dormant,Retrogressi ve,Composit e,Deep rotational failure,,Highly dissected slope,Highly friable shale with siltstone alteration,S⁰: 002⁰/25⁰→270⁰,L ow Height Plantation,Flowing,Rainfall,Nil,Nil,Nil,,,Forest,Increased in pore water pressure of the slide area. Thus reducing the cohesive strenght of the overburden materials and causing the materials to creep. 2. sliding at the right flank of the slide due to steep cutting of the slope for road alignment. 3. Stream passage blocked increasing the percolation of water to adjacent materials leading to creeping of the materials as indicated by tilted trees. 4. weak lithology.,1. Benching of slope. 2. Clearing the passage of stream so that water can flow freely decreasing creeping rate.,proper lined drainage provided,,,11
96,MN/NON/8 3H/09/2018 /0096,Manipur,Noney,83H/10,LS96,"Along Imphal- Khuopum road, near Zouyantek",24.64701111,93.67282778,"24°38'49.24""N","93°40'22.18""E",18,26,15,468,,468,0,Debris,Slide,rapid,Active,Retrogressi ve,Single,Shallow planar failure,,Highly dissected slope,"Shale, siltstone and sandstone alteration",S⁰: 050⁰/21⁰→320⁰,S parse vegetation,Dripping,Rainfall,Nil,Nil,Nil,,,Forest,1. Inncreased in pore water pressure. 2. Steep slope cut,Benching of the slope at lower height.,,,,11
97,MN/NON/8 3H/09/2018 /0097,Manipur,Noney,83H/10,LS97,"vAillolangge . Imphal- Khuopum road, near Tairenpokpi",24.64696944,93.67236389,"24°38'49.09""N","93°40'20.51""E",25,17,20,425,,637.5,0,Debris,Slide,Rapid,Active,Retrogressi ve,single,Shallow planar failure,,Highly dissected slope,"Shale, siltstone and sandstone alteration",S⁰: 050⁰/21⁰→320⁰,S parse vegetation,Dry,Rainfall,Nil,Nil,Nil,,,Forest,1. Inncreased in pore water pressure. 2. Steep slope cut,,Self supporting slope.,,,11
98,MN/NON/8 3H/09/2018 /0098,Manipur,Noney,83H/10,LS98,"Along Imphal- Khuopum road, near Tairenpokpi village.",24.64619722,93.67185556,"24°38'46.31""N","93°40'18.68""E",15,20,12,300,,300,0,Debris,Slide,rapid,Active,Retrogressi ve,Single,Shallow planar failure,,Highly dissected slope,Splintery shale and Sandstone alteration.,S⁰: 260⁰/20⁰→350⁰ J1: 182⁰/70⁰→092⁰ J2: 280⁰/83⁰→190⁰,S parse v egetation,Dry,Rainfall,Nil,Nil,Nil,,,Forest,1. Steep slope cutting. 2. Closely spaced joints in Sandstone beds.,,Debris removed from the road and proper line drainage provided.,,,11
99,MN/NON/8 3H/09/2018 /0099,Manipur,Noney,83H/10,LS99,"along Imphal- Khoupum road, near Longsai village",24.64174722,93.64018333,"24°38'30.29""N","93°38'24.66""E",,28,,,,,0,Debris,Subsidence,Slow,Active,Advancing,Single,Shallow translation al failure,,colluvial footslope,Splintery shale with thin siltstone and sandstone bands,,Sparse vegetation,Dry,Rainfall,Nil,Nil,Nil,Road partially damaged.,,Forest,1. Back filled failure.,Proper back filling with support wall.,,,,11
100,MN/NON/8 3H/09/2018 /0100,Manipur,Noney,83H/10,LS100,Along Zouyantek- Dolang road,24.66777778,93.67694444,"24°40'4""N","93°40'37""E",25,20,16,500,,750,0,Debris,Slide,Rapid,Active,Retrogressi ve,Single,Shallow translation al failure,,Lowly dissected slope,Intercalation of siltstone and sandstone in friable shale.,S⁰: 275⁰/35⁰→005⁰,E xtensive slope cut,Dry,Rainfall,Nil,Nil,Nil,,,Forest,Increased in pore water pressure of the slide area. Thus reducing the cohesive strenght of the overburden materials and causing the materials to slide. In addition steep slope cut is another causal factor for the sliding.,Benching of the slope.,,,,11
101,MN/NON/8 3H/09/2018 /0101,Manipur,Noney,83H/10,LS101,Along Zouyantek- Dolang road,24.67963889,93.66966667,"24°40'46.7""N","93°40'10.8""E",13,27,10,351,,175.5,0,Debris,Slide,Rapid,Active,Retrogressi ve,Single,Shallow translation al failure,,moderately dissected slope,"Shale, siltstone and sandstone alteration",,Extensive slope cut with moderate vegetation,Dry,Rainfall,Nil,Nil,Nil,Road partially blocked.,,Forest,Increased in pore water pressure of the slide area due to incesssant rainfall. Thus reducing the cohesive strenght of the overburden materials and causing the materials to slide. In addition steep slope cut is another causal factor for the sliding.,Slope benching to be provided and proper lined drainage.,,,,11
102,MN/NON/8 3H/09/2018 /0102,Manipur,Noney,83H/10,LS102,Along Dolang- Sangji road,24.68505556,93.669,"24°41'6.2""N","93°40'8.4""E",28,28,22,784,,784,0,Debris,Slide,Rapid,Active,Retrogressi ve,Single,Shallow translation al failure,,Moderately dissected slope,Thick sandstone bed intercalated by shale.,S⁰: 335⁰/10⁰→065⁰,E xtensive slope cut with moderate vegetation,Dry,Rainfall,Nil,Nil,Nil,Road partially blocked.,,Forest,Extensive slope cut.,1. Slope benching to be provided. 2.Proper lined drainage. 3.Removal of debris lying on the road.,,,,11
103,MN/NON/8 3H/09/2018 /0103,Manipur,Noney,83H/10,LS103,"Below NH- 37, Noney town",24.86290278,93.61639722,"24°51'46.45""N","93°36'59.03""E",9,6,7,54,,27,0,Debris,Slide,Rapid,Active,Retrogressi ve,Single,Shallow translation al failure,,colluvial footslope,"Shale, siltstone, Greywacke rhythmite and sandstone of Upper Disang Formation.",,Moderate vegetation,Dry,Rainfall,Nil,Nil,Nil,,,Forest,Back fill failure,Proper back filling..,,,,11
104,MN/NON/8 3H/09/2018 /0104,Manipur,Noney,83H/10,LS104,Noney town,24.86063889,93.62675,"24°51'38.3""N","93°37'36.3""E",,,,,,,,Debris,Slide,very slow,Active,Retrogressi ve,Single,Shallow translation al failure,,Valley fill,"Shale, siltstone, Greywacke rhythmite and sandstone of Upper Disang Formation.",,Moderate vegetation,Dry,Rainfall,Nil,Nil,Nil,,,Settlement,1. Toe erosion by river which is located at the confluence of 2 rivers.,Avoid settlement in the area and construct concrete retaining walls for further erosion.,Concrete walls dislocated.,,,1
105,MN/NON/8 3H/09/2018 /0105,Manipur,Noney,83H/10,LS105,Kaigongjen village,24.63186111,93.72188889,"24°37'54.7""N","93°43'18.8""E",10,44,7,440,,440,0,Debris,Slide,Rapid,Active,Retrogressi ve,Single,Shallow Planar Failure,,Lowly dissected slope,Shale and siltstone with subordinate sandstone laminae.,S⁰: 065⁰/40⁰→335⁰,Moderate vegetation,Dry,Anthropogenic,Nil,Nil,Nil,,,Forest,Road cutting,Proper lined drainage.,Gabion walls provided.,,,11
106,MN/NON/8 3H/09/2018 /0106,Manipur,Noney,83H/10,LS106,Ngaryan,24.63427778,93.71963889,"24°38'3.4""N","93°43'10.7""E",20,16,15,320,,320,0,Debris,Slide,Rapid,Inactive,Retrogressi ve,Single,Shallow Planar Failure,,Lowly dissected slope,Sandstone with subordinate shale and siltstone,S⁰: 255⁰/15⁰→345⁰//J1 J2: 255⁰/67⁰→165⁰,Settlement,Dry,Anthropogenic,Nil,Nil,Nil,,,Settlement,1.Steep cutting of slope for road alignment. 2. Reduction of the cohesive strenght of the overburden materials by excessive water percolation.,,Proper nala provided,,,11
107,MN/NON/8 3H/09/2018 /0107,Manipur,Noney,83H/10,LS107,"Imphal- Khoupum highway, near Ngaryan.",24.63538889,93.71919444,"24°38'7.4""N","93°43'9.1""E",18,27,15,486,,972,0,Debris,Slide,Rapid,Active,Retrogressi ve,Single,Shallow Planar Failure,,Lowly dissected slope,Sandstone with subordinate shale and siltstone,,Moderate vegetation,Dry,Rainfall,Nil,Nil,Nil,,,Forest,1.Steep cutting of slope for road alignment. 2. Reduction of the cohesive strenght of the overburden materials by excessive water percolation.,,Concrete wall with proper drainage provided.,,,11
108,MN/NON/8 3H/09/2018 /0108,Manipur,Noney,83H/10,LS108,Imphal- Khoupum highway,24.62683333,93.70944444,"24°37'36.6""N","93°42'34""E",9,20,7,180,,180,0,Debris,Slide,Rapid,Active,Retrogressi ve,Single,Shallow Planar Failure,,Moderately dissected slope,"Alternate layers of shale, siltstone and sandstone.",S⁰: 160⁰/53⁰→70⁰//J1 J2: 190⁰/50⁰→100⁰,Moderate vegetation,Dry,Rainfall,Nil,Nil,Nil,,,Forest,1. Increase in pore water pressure reducing the cohesive strenght of the materials. 2. Beds are consequent to slope,1. Removal of debris and proper line drainage.,,,,11
109,MN/NON/8 3H/09/2018 /0109,Manipur,Noney,83H/10,LS109,Imphal- Khoupum highway,24.61888889,93.70583333,"24°37'8""N","93°42'21""E",16,22,14,352,,704,0,Debris,Slide,Rapid,Active,Retrogressi ve,Single,shallow Planar Failure,,Moderately dissected slope,Sandstone of Upper Disang Formation.,S⁰: 355⁰/34⁰→85⁰ J1: 265⁰/84⁰→355⁰,Moderate vegetation,Dry,Rainfall,Nil,Nil,Nil,,,Forest,1. Beds are consequent to slope ( Slope aspect-90⁰ ) 2. steep and high benching for road alignment. 3. increase in pore water pressure reducing the strenght to withstand sliding.,1. Removal of debris and proper line drainage. 2. Retention wall with proper weep holes at the toe of the slide.,,,,11
110,MN/NON/8 3H/09/2018 /0110,Manipur,Noney,83H/10,LS110,Imphal- Khoupum highway,24.61508333,93.69684444,"24°36'54.3""N","93°41'48.64""E",20,22,15,440,,440,0,Debris,Slide,Moderate,Active,Retrogressi ve,Single,Shallow Planar Failure,,Moderately dissected slope,Sandstone and shale intercalation,S⁰: 260⁰/55⁰→170⁰ J1: 020⁰/68⁰→290⁰,Moderate vegetation,Dry,Rainfall,Nil,Nil,Nil,,,Forest,1. Beds are consequent to slope ( Slope aspect-90⁰ and slope angle-33⁰) 2.Increase in pore water pressure reducing the strenght to withstand sliding.,1. Removal of debris and proper line drainage. 2. Benching of slope. 3. Planting of grass,,,,11
111,MN/NON/8 3H/09/2018 /0111,Manipur,Noney,83H/10,LS111,Imphal- Khoupum highway,24.61488333,93.69618611,"24°36'53.58""N","93°41'46.27""E",18,35,14,630,,1260,0,Debris,Slide,Rapid,Active,Retrogressi ve,Single,Shallow Planar Failure,,Lowly dissected slope,Shale and sandstone beds. Sandstone beds are fractured and jointed.,,Extensive slope cut with sparse vegetation,Dry,Rainfall,Nil,Nil,Nil,,,Forest,1. Steep cuuting of slope for road alignment. 2. increase in pore pressure reducing the cohesive strength of the overburden materials. 3. rocks are fractured and jointed.,1. Removal of debris and proper line drainage. 2. Benching of slope.,,,,11
112,MN/NON/8 3H/09/2018 /0112,Manipur,Noney,83H/10,LS112,Imphal- Khoupum highway,24.61503333,93.69591667,"24°36'54.12""N","93°41'45.3""E",15,15,10,225,,337.5,0,Debris,Slide,Rapid,Active,Retrogressi ve,Single,Shallow Planar Failure,,Lowly dissected slope,"Splintery shale, siltstone alteration.",,Extensive slope cut with moderate vegetation,Dry,Rainfall,Nil,Nil,Nil,,,Forest,1. Steep cutting of slope for road alignment. 2. increase in pore pressure reducing the cohesive strength of the overburden materials. 3. incompetent lithology of shale which is splintery in nature.,,debris are removed.,,,11
113,MN/CCP/8 3H/09/2018 /0113,Manipur,Churachan dpur,83H/10,LS113,Loktak- Leimatak highway,24.59985833,93.725225,"24°35'59.49""N","93°43'30.81""E",10,10,7,100,,100,0,Debris,Slide,Rapid,Active,Retrogressi ve,Single,Shallow Planar Failure,,Lowly dissected slope,Sandstone and shale alteration,S⁰: 250⁰/15⁰→340⁰//J1 J2: 120⁰/65⁰→210⁰ J3: 315⁰/79⁰→045⁰ J4: 250⁰/82⁰→160⁰,Moderate v egetation,Dry,Rainfall,Nil,Nil,Nil,,,Forest,1. Steep cutting of slope for road alignment. 2. increase in pore pressure reducing the cohesive strength of the overburden materials. 3. incompetent lithology of shale.,clear the line drainage.,,,,11
114,MN/CCP/8 3H/09/2018 /0114,Manipur,Churachan dpur,83H/10,LS114,Loktak- Leimatak highway,24.60008333,93.72552778,"24°36'0.3""N","93°43'31.9""E",10,8,5,180,,90,0,Debris,Slide,Rapid,Active,Retrogressi ve,Single,Shallow Planar Failure,,Lowly dissected slope,"Splintery shale, with subordinate snadstone and siltstone alteration.",S⁰: 250⁰/15⁰→340⁰,Moderate vegetation,Dry,Rainfall,Nil,Nil,Nil,,,Forest,1. Incompetent lithology. 2. increase in pore pressure reducing the cohesive strength of the overburden materials. 3. Extensive slope cut.,Removal of debris from drainage.,,,,11
115,MN/CCP/8 3H/09/2018 /0115,Manipur,Churachan dpur,83H/10,LS115,"Loktak- Leimatak highway, near Charoi- Khullen",24.60752778,93.71377778,"24°36'27.1""N","93°42'49.6""E",,,,,,,,Debris,Slide,Rapid,Active,Retrogressi ve,Single,Shallow Planar Failure,,Moderately dissected slope,"Flaggy sandstone, shale and siltstone alteration",S⁰: 330⁰/42⁰→60⁰//J1 J2: 250⁰/78⁰→160⁰ J3: 360⁰/70⁰→270⁰,Moderate vegetation,Dry,Anthropogenic,Nil,Nil,Nil,,,Forest,1. Extensive slope cut. 2. increase in pore pressure reducing the cohesive strength of the overburden materials which slided alone with the dumped materials of the above road cut.,,Concrete wall construction in progress.,,,11
116,MN/CCP/8 3H/09/2018 /0116,Manipur,Churachan dpur,83H/10,LS116,Loktak- Leimatak highway,24.60023056,93.69548333,"24°36'0.83""N","93°41'43.74""E",12,10,8,120,,60,0,Debris,Slide,Rapid,Active,Retrogressi ve,Single,Shallow Planar Failure,,Lowly dissected slope,Flaggy sandstone with subordinate shale and,S⁰: 300⁰/25⁰→30⁰,Sparse vegetation,Dry,Rainfall,Nil,Nil,Nil,,,Forest,Increase in pore water pressure during incessant rainfall.,,Natural slide. Data taken from Loktak- Leimatak road,,,111
117,MN/CCP/8 3H/09/2018 /0117,Manipur,Churachan dpur,83H/10,LS117,Data taken from Loktak- Leimatak highway,24.61299167,93.67023611,"24°36'46.77""N","93°40'12.85""E",55,50,35,2750,,13750,0,Debris,Slide,Rapid,Active,Retrogressi ve,Single,Deep rotational failure,,Moderately dissected slope,sSipltlsitnotnerey shale with siltstone and sandstone of Lower Disang Formation.,,Banana plantation,Dry,Rainfall,Nil,Nil,Nil,,,Agriculture,,,Natural slide. Data taken from Loktak- Leimatak road,,,111
118,MN/CCP/8 3H/09/2018 /0118,Manipur,Churachan dpur,83H/10,LS118,Data taken from Loktak- Leimatak highway,24.61237222,93.670775,"24°36'44.54""N","93°40'14.79""E",95,48,35,4560,,"14,880",133,Debris,Slide,Moderate,Dormant,Advancing,Single,Shallow Planar Failure,,Paleaoslide?,Splintery shale with siltstone and sandstone of Lower Disang Formation.,,Sparse vegetation,Dry,Rainfall,Nil,Nil,Nil,,,Forest,1.Gully erosion. 2.Increase in pore water pressure as the slided area is drained by a stream.,,Natural slide. Data taken from Loktak- Leimatak road,,,111
119,MN/CCP/8 3H/09/2018 /0119,Manipur,Churachan dpur,83H/10,LS119,"Loktak- Leimatak highway, near Charoi- Khullen",24.59933333,93.68972222,"24°35'57.6""N","93°41'23""E",40,37,30,1480,,2220,0,Debris,Slide,Rapid,active,Retrogressi ve,Single,Shallow Planar Failure,,Lowly dissected slope,Intercalation of sandstone in shale.,S⁰: 350⁰/4⁰→080⁰,Plantation (LHP),Dry,Rainfall,Nil,Nil,Nil,,,Agriculture,1. weak lithology. 2.Increase in pore water pressure in the overburden. 3. extensive slope cut.,1. Removal of debris. 2. provide benching. 3. Proper lined drainage.,,,,11
120,MN/NON/8 3H/09/2018 /0120,Manipur,Noney,83H/10,LS120,"NH_37A, Imphal- Khoupum highway",24.64175,93.62322222,"24°38'30.3""N","93°37'23.6""E",9,13,7,117,,58.5,0,Debris,Slide,Moderate,Active,Retrogressi ve,Single,Shallow Planar Failure,,Lowly dissected slope,Snadstone and shale alteration of Upper Disang Formation.,S⁰: 320⁰/23⁰→050⁰,Moderate vegetation,Dripping,Rainfall,Nil,Nil,Nil,,,Forest,1. Increase in pore water pressure in the overburden as indicated by the dripping of water 3. extensive slope cut.,,debris are removed and drainage provided.,,,11
121,MN/NON/8 3H/09/2018 /0121,Manipur,Noney,83H/10,LS121,"NH_37A, Imphal- Khoupum highway",24.645275,93.62882778,"24°38'42.99""N","93°37'43.78""E",16,8,12,912,,912,0,Debris,Slide,Moderate,Dormant,Retrogressi ve,Single,Shallow Planar Failure,,Lowly dissected slope,Shale and siltstone with subordinate sandstone laminae.,S⁰: 335⁰/56⁰→245⁰//J1 J2: 300⁰/28⁰→030⁰ J3: 020⁰/45⁰→110⁰,Plantation ( LHP),dry,Rainfall,Nil,Nil,Nil,,,Agriculture,1. Incompetent lithology lying in between competent sandstone beds slided down. 2. increase in pore pressure reducing the cohesive strength of the materials. 3. Rocks are Sheared.,Construction of concrete walls with proper weep holes.,Drainage provided.,,,11
122,MN/NON/8 3H/09/2018 /0122,Manipur,Noney,83H/10,LS122,"NH_37A, Tungjamarin road.",24.68980556,93.52258333,"24°41'23.3""N","93°31'21.3""E",15,20,12,300,,150,0,Debris,Slide,Rapid,Active,Retrogressi ve,Single,Shallow planar failure,,Moderately dissected slope,Sandstone with subordinate shale.,S⁰: 020⁰/46⁰→290⁰,Moderate vegetation,Dry,Rainfall,Nil,Nil,Nil,,,Forest,1. Extensive slope cut. 2. increase in pore pressure reducing the cohesive strength of the overburden materials which slided alone the bedding plane. 3. Beds and slope are in consequent disposition.,,1. Debris removed. 2. lined Drainage provided.,,,11
123,MN/NON/8 3H/09/2018 /0123,Manipur,Noney,83H/10,LS123,Data taken from Khoupum- Tousang village road.,24.72440556,93.51443056,"24°43'27.86""N","93°30'51.95""E",7,5,6,35,,17.5,0,Debris,Slide,Rapid,Active,Retrogressi ve,Single,Shallow planar failure,,Moderately dissected slope,Flaggy sandstone,,Plantation (LHP),Dry,Rainfall,Nil,Nil,Nil,,,Forest,,,Data taken from Khoupum- Tousang village road.,,,111
124,MN/NON/8 3H/09/2018 /0124,Manipur,Noney,83H/10,LS124,Data taken from Khoupum- Nungba highway.,24.71939722,93.50900278,"24°43'9.83""N","93°30'32.41""E",8,6,7,48,,24,20,Debris,Slide,rapid,Active,Retrogressi ve,Single,Shallow planar failure,,Escarpment,Flaggy Sandstone,,Thick vegetation,Dry,Rainfall,Nil,Nil,Nil,,,Forest,,,Natural slide. Data taken from Khoupum- Nungba road,,,111
125,MN/NON/8 3H/09/2018 /0125,Manipur,Noney,83H/10,LS125,Data taken from Khoupum- Nungba highway.,24.71921389,93.50890278,"24°43'9.17""N","93°30'32.05""E",8,6,7,48,,24,20,Debris,Slide,Rapid,Active,Retrogressi ve,single,Shallow planar failure,,Escarpment,Flaggy Sandstone,,Thick vegetation,Dry,Rainfall,Nil,Nil,Nil,,,Forest,,,Natural slide. Data taken from Khoupum- Nungba road,,,111
126,MN/NON/8 3H/09/2018 /0126,Manipur,Noney,83H/10,LS126,Data taken from Khoupum- Nungba highway.,24.71891389,93.50837778,"24°43'8.09""N","93°30'30.16""E",8,6,7,48,,24,0,Debris,Slide,Rapid,Active,Retrogressi ve,Single,Shallow planar failure,,Escarpment,Flaggy Sandstone,,Thick vegetation,Dry,Rainfall,Nil,Nil,Nil,,,Forest,,,Natural slide. Data taken from Khoupum- Nungba road,,,111
127,MN/NON/8 3H/09/2018 /0127,Manipur,Noney,83H/10,LS127,"NH_37A, Imphal- Khoupum highway. Towards Toudaijang.",24.71856667,93.50001667,"24°43'6.84""N","93°30'0.06""E",25,31,20,775,,775,0,Debris,Slide,Rapid,Dormant,Retrogressi ve,Single,Shallow planar failure,,Colluvial footslope,Shale and sandstone alteration,S⁰: 075⁰/15⁰→165⁰,Plantation (HHP),Dry,Rainfall,Nil,Nil,Nil,,,Forest,1. Extensive slope cut. 2. Incompetent lithology. 3. Increase in pore water pressure in the debri materials.,1. Provide benching. 2. Removal of debris. 3. Clearing lined drainage.,Concrete wall provided at the toe of the slide.,,,11
128,MN/NON/8 3H/09/2018 /0128,Manipur,Noney,83H/10,LS128,"NH_37A, Imphal- Khoupum highway",24.64007222,93.62739167,"24°38'24.26""N","93°37'38.61""E",12,4,11,48,,24,0,Debris,Slide,Rapid,Active,Retrogressi ve,Single,Shallow planar failure,,Colluvial footslope,"Shale, siltstone and sandstone of Upper Disang Formation.",,Moderate vegetation,Dry,Rainfall,Nil,Nil,Nil,,,Forest,Toe erosion by Kongjang river,,Dats taken by remote sensing.,,,111
129,MN/NON/8 3H/09/2018 /0129,Manipur,Noney,83H/10,LS129,"NH_37A, Imphal- Khoupum highway",24.64488889,93.61958333,"24°38'41.6""N","93°37'10.5""E",10,10,8,100,,50,0,Debris,Slide,Rapid,Active,Retrogressi ve,Single,Shallow planar failure,,Lowly dissected slope,Sandstone and splintery shale alteration,S⁰: 320⁰/57⁰→230⁰,Plantation (LHP),Dry,Rainfall,Nil,Nil,Nil,,,Forest,Extensive slope cut.,1. Removal of debris. 2. provide benching. 3. Proper lined drainage.,,,,11
130,MN/NON/8 3H/09/2018 /0130,Manipur,Noney,83H/10,LS130,"NH_37A, Imphal- Khoupum highway",24.63972222,93.61222222,"24°38'23""N","93°36'44""E",60,117,40,7020,,10530,190,Debris,Slide,Rapid,Reactivated,Retrogressi ve,Multiple,Shallow planar failure,,Lowly dissected slope,Sandstone and shale alteration,S⁰: 302⁰/34⁰→212⁰,Plantation (LHP),Dry,Rainfall,Nil,Nil,Nil,Road partially blocked.,,Agriculture,1.Extensive slope cut. 2.Decrease in cohesive strenght of the overburden materials by water percolation. 3. Weak lithology and consequent nature of beds with the slope. 4. Gully erosion on the downslope of the road.,Provide a wash drain on the road.,Debris removed from the road and proper line drainage provided.,,,11
131,MN/NON/8 3H/09/2018 /0131,Manipur,Noney,83H/10,LS131,"below NH- 37A, Imphal- Khoupum highway",24.63776944,93.61229167,"24°38'15.97""N","93°36'44.25""E",10,4,,40,,20,0,Debris,Slide,Rapid,Active,Retrogressi ve,Single,Shallow planar failure,,Lowly dissected slope,"Shale, siltstone and sandstone of Upper Disang Formation.",,Plantation (LHP),,Rainfall,Nil,Nil,Nil,,,Agriculture,,,Data taken by remote sensing.,,,111
132,MN/NON/8 3H/09/2018 /0132,Manipur,Noney,83H/10,LS132,"NH_37A, Imphal- Khoupum highway",24.639,93.61155556,"24°38'20.4""N","93°36'41.6""E",18,20,10,360,,360,0,Debris,Slide,Rapid,Active,Retrogressi ve,Single,Shallow planar failure,,Lowly dissected slope,Splintery shale and sandstone beds.,,Sparse vegetation,Dry,Rainfall,Nil,Nil,Nil,,,Forest,Steep cutting of slope for road alignment and increase in pore water pressure on the exposed materials.,,Debris removed from the road and proper line drainage provided.,,,11
133,MN/NON/8 3H/09/2018 /0133,Manipur,Noney,83H/10,LS133,"NH_37A, Imphal- Khoupum highway",24.63875,93.61127778,"24°38'19.5""N","93°36'40.6""E",14,12,12,168,,84,0,Debris,Slide,Rapid,Active,Retrogressi ve,Single,Shallow planar failure,,Lowly dissected slope,Splintery shale of Upper Disang Formation.,,Sparse vegetation,Dry,Rainfall,Nil,Nil,Nil,Road partially blocked.,,Forest,Steep cutting of slope for road alignment and increase in pore water pressure on the exposed materials. Weak lithology added to the caused.,Benching of slope. Sealing of the cracks observed with appropriate materials.,Debris removed from the road and proper line drainage provided. Cracks observed on the road where debris were dumped.,,,11
134,MN/NON/8 3H/09/2018 /0134,Manipur,Noney,83H/10,LS134,"NH_37A, Imphal- Khoupum highway",24.63308333,93.61022222,"24°37'59.1""N","93°36'36.8""E",14,22,12,308,,308,0,Debris,Slide,Rapid,Active,Retrogressi ve,Single,Shallow planar failure,,Moderately dissected slope,Splintery shale and sandstone beds of Upper Disang Formation.,S⁰: 270⁰/40⁰→180⁰,Plantation (LHP),Dry,Rainfall,Nil,Nil,Nil,,,Agriculture,1. Cutting of slope for Road alignment . 2. Incessant rainfall increased the pore water pressure hence reducing the resistive strenght of the overburden materials and causing the debris to slip along the interface of rock and overburden materials.,Removal of debris and clearing the drainage. Provide proper benching to the steep upslope.,,,,11
135,MN/NON/8 3H/09/2018 /0135,Manipur,Noney,83H/10,LS135,"NH_37A, Imphal- Khoupum highway",24.63008333,93.60613889,"24°37'48.3""N","93°36'22.1""E",25,45,22,1125,,1687.5,0,Debris,Slide,Rapid,Dormant,Retrogressi ve,Multiple,Shallow planar failure,,Moderately dissected slope,Sandstone with subordinate shale.,,Plantation (LHP),Wet,Rainfall,Nil,Nil,Nil,,,Agriculture,Steep cutting of slope for road alignment and increase in pore water pressure on the exposed materials. Weak lithology added to the caused.,,Debris removed and proper line drainage provided.,,,11
136,MN/NON/8 3H/09/2018 /0136,Manipur,Noney,83H/10,LS136,"NH_37A, Imphal- Khoupum highway",24.62836111,93.60491667,"24°37'42.1""N","93°36'17.7""E",15,37,12,555,,555,0,Debris,Slide,Moderate,Active,Retrogressi ve,Single,Shallow planar failure,,Moderately dissected slope,Splintery shale.,S⁰: 085⁰/25⁰→175⁰,Plantation (LHP),Dry,Rainfall,Nil,Nil,Nil,,,Agriculture,1.Unplanned cutting of slope. 2. Consequent nature of beds and slope.,Benching of slope.,Slope dips at 29⁰ towards 165⁰.,,,11
137,MN/NON/8 3H/09/2018 /0137,Manipur,Noney,83H/10,LS137,"NH_37A, Imphal- Khoupum highway",24.62775,93.60461111,"24°37'39.9""N","93°36'16.6""E",32,34,18,1088,,1632,0,Debris,Slide,Moderate,Active,Retrogressi ve,Single,Shallow planar failure,,Moderately dissected slope,Intercalation of shale in sandstone.,S⁰: 245⁰/40⁰→155⁰,Plantation (LHP),Flowing,Rainfall,Nil,Nil,Nil,,,Agriculture,Increase in pore water pressure and reduction of strenght by supersaturation and steep cutting of slope.,Gabion walls recommemded to be build at the toe of the slide.,Debris removed and proper line drainage provided.,,,11
138,MN/NON/8 3H/09/2018 /0138,Manipur,Noney,83H/10,LS138,"NH_37A, Imphal- Khoupum highway",24.62638889,93.60438889,"24°37'35""N","93°36'15.8""E",32,50,18,1600,,1600,0,Soil,Slide,Moderate,Active,Retrogressi ve,Single,Shallow planar failure,,Moderately dissected slope,Sandstone,,Plantation (LHP),Dry,Rainfall,Nil,Nil,Nil,,,Agriculture,1. Reduction of strenght of the overburden materials by supersaturation and increase in pore water pressure by incessant rainfall. 2 Extensive slope cut,1. Benching of slope. 2. Gabion wall construction. 3.Proper drainage to drain water.,The slide area is unstable.,,,11
139,MN/NON/8 3H/09/2018 /0139,Manipur,Noney,83H/10,LS139,"NH_37A, Imphal- Khoupum highway",24.628,93.60394444,"24°37'40.8""N","93°36'14.2""E",16,33,13,528,,1056,0,Debris,Slide,Moderate,Active,Retrogressi ve,Single,Shallow planar failure,,Moderately dissected slope,Intercalation of shale in flaggy sandstone.,S⁰: 255⁰/32⁰→165⁰,Plantation (LHP),Dry,Rainfall,Nil,Nil,Nil,,,Agriculture,1. Reduction of strenght of the overburden materials by supersaturation and increase in pore water pressure by incessant rainfall. 2 Extensive slope cut,1. Benching of slope. 2. Gabion wall construction.,Debris removed and proper line drainage provided.,,,11
140,MN/NON/8 3H/09/2018 /0140,Manipur,Noney,83H/10,LS140,"NH_37A, Imphal- Khoupum highway",24.63644444,93.60669444,"24°38'11.2""N","93°36'24.1""E",70,35,55,2450,,3675,0,Debris,Slide,Moderate,Active,Retrogressi ve,Single,Shallow planar failure,,Moderately dissected slope,Intercalation of shale in flaggy sandstone.,S⁰: 280⁰/40⁰→190⁰ J1 : 292⁰/48⁰→022⁰,Plantation (LHP),Dry,Rainfall,Nil,Nil,Nil,,,Agriculture,1. Reduction of strenght of the overburden materials by supersaturation and increase in pore water pressure by incessant rainfall.,1. Benching of slope. 2. Concrete wall construction at the toe part.,Debris removed and proper line drainage provided.,,,11
141,MN/NON/8 3H/09/2018 /0141,Manipur,Noney,83H/10,LS141,"NH_37A, Imphal- Khoupum highway",24.64272222,93.60208333,"24°38'33.8""N","93°36'7.5""E",18,9,15,162,,243,0,Debris,Slide,Rapid,Active,Retrogressi ve,Multiple,Shallow planar failure,,Moderately dissected slope,Intercalation of shale in flaggy sandstone. Rock is fractured.,S⁰: 255⁰/40⁰→165⁰ J1: 250⁰/65⁰→340⁰ J2: 170⁰/82⁰→080⁰,Plantation ( LHP),Dry,Rainfall,Nil,Nil,Nil,Road partially blocked and damaged.,,Agriculture,1. Reduction of strenght of the overburden materials by supersaturation and increase in pore water pressure by incessant rainfall. 2 Extensive slope cut. 3. Rocks are fractured. 4. Back filled failure.,1. Proper back filling and removal of debris.,Cracks observed on the road towards the back filling part. The slide area is unstable.,,,11
142,MN/NON/8 3H/09/2018 /0142,Manipur,Noney,83H/10,LS142,"NH_37A, Imphal- Khoupum highway",24.64141667,93.59661111,"24°38'29.1""N","93°35'47.8""E",20,9,16,180,,180,0,Debris,Slide,Rapid,Active,Retrogressi ve,Single,Shallow planar failure,,Moderately dissected slope,"Alternate layers of shale, siltstone and sandstone.",S⁰: 255⁰/24⁰→165⁰,Thick vegetation,Dry,Rainfall,Nil,Nil,Nil,,,Forest,1. Steep cutting of slope. 2. increase in pore pressure reducing the cohesive strength of the overburden materials.,Removal of debris from the lined drainage.,,,,11
143,MN/NON/8 3H/09/2018 /0143,Manipur,Noney,83H/10,LS143,"NH_37A, Imphal- Khoupum highway",24.64119444,93.59447222,"24°38'28.3""N","93°35'40.1""E",45,45,30,2025,,6075,0,Debris,Slide,Moderate,Active,Retrogressi ve,Single,Shallow Rotataiona l failure,,Moderately dissected slope,"Alternate layers of shale, siltstone and sandstone.",S⁰: 255⁰/32⁰→165⁰,Plantation (LHP),flowing,Rainfall,Nil,Nil,Nil,,,Agriculture,Increase in pore pressure reducing the cohesive strength of the overburden materials.,Maintenance of drainage.,Debris removed,,,11
144,MN/NON/8 3H/09/2018 /0144,Manipur,Noney,83H/10,LS144,"Data taken from NH_37A, Imphal- Khoupum highway",24.66266389,93.62825,"24°39'45.59""N","93°37'41.7""E",10,15,,150,,,0,Debris,Slide,Moderate,Active,Retrogressi ve,Single,Shallow planar failure,,Moderately dissected slope,"Shale, siltstone and sandstone of Upper Disang Formation.",,Sparse vegetation,Dry,Rainfall,Nil,Nil,Nil,,,Forest,,,Landslide on natural slope,,,111
145,MN/NON/8 3H/09/2018 /0145,Manipur,Noney,83H/10,LS145,"Data taken from NH_37A, Imphal- Khoupum highway",24.65820556,93.62550278,"24°39'29.54""N","93°37'31.81""E",,,,,,,,Debris,Slide,Moderate,Active,Retrogressi ve,Single,Shallow planar failure,,Colluvial footslope,"Shale, siltstone and sandstone of Upper Disang Formation.",,Moderate vegetation,Dry,Rainfall,Nil,Nil,Nil,,,Forest,Toe cutting by Leimatak river.,,,,,111
146,MN/NON/8 3H/09/2018 /0146,Manipur,Noney,83H/10,LS146,"NH_37A, Imphal- Khoupum highway",24.62595,93.69295278,"24°37'33.42""N","93°41'34.63""E",24,23,18,552,,828,0,Debris,Slide,Moderate,Active,Retrogressi ve,Successiv e,Shallow planar failure,,Transportationa l Mid slope,"Shale, siltstone and sandstone alteration",S⁰: 175⁰/29⁰→085⁰,Sparse vegetation,Dry,Rainfall,Nil,Nil,Nil,,,Forest,Increase in pore pressure reducing the cohesive strength of the overburden materials. Unplanned cutting of slope.,1. Removal of debris. 2. Proper line drainage to be provided. 3. Construction of concrete wall with proper weep holes.,,,,11
147,MN/NON/8 3H/09/2018 /0147,Manipur,Noney,83H/10,LS147,"NH_37A, Imphal- Khoupum highway",24.62494444,93.69155556,"24°37'29.8""N","93°41'29.6""E",35,150,25,5250,,5250,0,Debris,Slide,Moderate,Active,Retrogressi ve,Successiv e,Shallow planar failure,,Transportationa l Mid slope,"Shale, siltstone and sandstone alteration",S⁰: 175⁰/29⁰→085⁰,Sparse vegetation,Dry,Anthropogenic factors- roadcutting,Nil,Nil,Nil,,,Forest,Extensive slope cut.,1. Removal of debris. 2. Proper line drainage to be provided. 3. Construction of concrete wall with proper weep holes. 4. Benching of slope,,,,11
148,MN/NON/8 3H/09/2018 /0148,Manipur,Noney,83H/10,LS148,"NH_37A, Imphal- Khoupum highway",24.62986111,93.69527778,"24°37'47.5""N","93°41'43""E",17,15,12,255,,127.5,0,Debris,Slide,Rapid,Active,Retrogressi ve,Single,Shallow planar failure,,Transportationa l Mid slope,"Shale, siltstone and sandstone alteration",,Sparse vegetation,Dry,Rainfall,Nil,Nil,Nil,Road partially blocked.,,Forest,Increase in pore pressure reducing the cohesive strength of the overburden materials. Steep cutting of slope.,1. Removal of debris. 2. Proper line drainage to be provided. 3. Benching of slope,,,,11
149,MN/NON/8 3H/09/2018 /0149,Manipur,Noney,83H/10,LS149,"Data taken from NH_37, Imphal- Jiribum highway. Opposite Nandumjang village.",24.80861944,93.65109444,"24°48'31.03""N","93°39'3.94""E",250,160,60,40000,,200000,200,Debris,Slide,Moderate,Abandoned,Confined,Single,Deep rotational failure,,paleaoslide?,Flaggy sandstone with subordinate shale of Laisong Formation.,,Thick vegetation,Dry,,Nil,Nil,Nil,,,Forest,,1. Slope stabilization methods 2. Gravity walls to be constructed along the upslope of the railway cutting and support at the downslope of the cutting.,Railway cutting passing through the slide.,,,11
150,MN/NON/8 3H/09/2018 /0150,Manipur,Noney,83H/10,LS150,"NH_37, Imphal- Jiribum highway. 470 m SSE of the paleaoslide LS 149",24.80458611,93.65571944,"24°48'16.51""N","93°39'20.59""E",170,120,45,20400,,81600,250,Debris,Slide,Moderate,Dormant,Advancing,Single,Shallow planar failure,Initiated in the year 2016,Moderately dissected slope,Flaggy sandstone with subordinate shale of Laisong Formation.,,Plantation (LHP),Dry,Rainfall,Nil,Nil,Nil,Railway at risk,,Agriculture,1. Cutting of slope for railway line. 2.Increase in pore water pressure reducing the cohesive strength of the overburden materials.,1. Construction of concrete wall at the upslope of the railway bench. 2. Awareness to the downslope settlement area as the area is at risk with future reactivation of the slide.,It is an old landslide.,,,1
151,MN/NON/8 3H/09/2018 /0151,Manipur,Noney,83H/10,LS151,"NH_37, Imphal- Jiribum highway. 30 m North of LS 51",24.80168056,93.73640833,"24°48'6.05""N","93°44'11.07""E",40,40,25,1600,,1500,0,Debris,Slide,Moderate,Dormant,Retrogressi ve,Single,Shallow planar failure,,Highly dissected slope,"Shale, siltstone with subordinate sandstone",,Sparse vegetation,Wet,Rainfall,Nil,Nil,Nil,Road partially blocked.,,Forest,1. Cutting of slope for road. 2.Increase in pore water pressure reducing the cohesive strength of the overburden materials.,1. Gabion wall construction. 2. Proper drainage to drain away the water. 3. Avoid stagnation of water at the toe of the slide.,It is an old landslide.,,,11
152,MN/NON/8 3H/09/2018 /0152,Manipur,Noney,83H/09,LS152,"NH_37A, Imphal- Khoupum highway. 280 m above the NH-37.",24.79802778,93.73597222,"24°47'52.9""N","93°44'9.5""E",60,25,20,1500,,750,0,Debris,Slide,Moderate,Active,Enlarging,Multiple,Shallow planar failure,,Denudational hill slope,"Shale, siltstone and sandstone alteration of Upper Disang Formation.",,Sparse vegetation,Dry,Anthropogenic activity- Road cutting.,Nil,Nil,Nil,,,Barren,"1. Extensive slope cut. 2. The beds and the slope are consequent in nature. 3. Seepage of water along the interface of bed rock and overburden decreased the friction strenght, hence leading the materials to slide along the bedding plane.",1.Avoid further extensive slope cutting. 2. Consult Geo-hazard experts for further developmental activities. 3. Avoid settlement. 4. Detail studies is recommended along this stretch.,Unstable area. Extensive slope cut will put the NH- 37 and newly constructed way at risk. Cracks observed on the slope in the vicinity of th slide which can aggravate the sliding.,,,11
153,MN/NON/8 3H/09/2018 /0153,Manipur,Noney,83H/09,LS153,"Kotlen, NH_37A, Imphal- Khoupum highway.",24.80606389,93.73547778,"24°48'21.83""N","93°44'7.72""E",200,120,100,24000,,120000,190,Debris,Slide,Moderate,Active,,Successiv e,Deep translation al failure,,Denudational hill slope,Sandstone with subordinate shale,S⁰: 125⁰/29⁰→215⁰,Quarry,Dry,Anthropogenic activity- Unplanned quarrying.,Nil,Nil,Nil,Road partially damaged.,,Forest,1. Unplanned cutting of slope for querrying 2. Reduction of strenght of the overburden materials by supersaturation 3. Increase in pore water pressure by incessant rainfall.,1.Avoid further extensive slope cutting. 2. Consult Geo-hazard experts for further developmental activities. 3. Avoid settlement.,Unstable area. Futher unplanned quarrying activity will put high risk to life and road.,,,1
154,MN/NON/8 3H/09/2018 /0154,Manipur,Noney,83H/09,LS154,Noney Town,24.86126389,93.62774167,"24°51'40.55""N","93°37'39.87""E",12,6,10,72,,36,,Debris,Slide,Rapid,Active,Retrogressi ve,Single,Shallow translation al failure,,Colluvial footslope,Sandstone with subordinate shale,,Moderate vegetation,Dry,Rainfall,Nil,Nil,Nil,,,Forest,1. Planar failure. 2. Increase in pore water pressure 3. reduction of strenght in super-saturation.,,,,,111
155,MN/NON/8 3H/10/2018 /0155,Manipur,Noney,83H/10,LS155,"NH_37A, Imphal- Khoupum highway.",24.65630556,93.58080556,"24°39'22.7""N","93°34'50.9""E",25,35,20,875,,1750,0,Soil,Slide,Moderate,Active,Retrogressi ve,Single,Shallow translation al failure,,Lowly dissected slope,"Shale, siltstone and sandstone alteration",,Thick vegetation,wet,Rainfall,Nil,Nil,Nil,Road partially damaged.,,Forest,1. Increase in pore water pressure 2. reduction of strenght in super-saturation. 3. Thick sliding soil lying above competent lithology,1.Removal of slided material. 2. Proper line drainage to be provided. 3. Benching of slope,,,,11
156,MN/NON/8 3H/10/2018 /0156,Manipur,Noney,83H/10,LS156,"Khoupum valley, near dam",24.66469444,93.53236111,"24°39'52.9""N","93°31'56.5""E",25,25,22,625,,,0,Debris,Slide,Moderate,Dormant,Retrogressi ve,Single,Shallow translation al failure,,Colluvial footslope,"Shale, siltstone and sandstone alteration",S⁰: 40⁰/56⁰→310⁰,Sparse vegetation,Dry,Rainfall,Nil,Nil,Nil,Lined drainage is washed & Road partially blocked.,,Forest,1. Planar failure. 2. Increase in pore water pressure 3. reduction of strenght in super-saturation. 4. Anthropogenic activity (unplanned cutting of slope),1.Removal of debri material from wash drain area. 2. Benching of slope,,,,11
157,MN/NON/8 3H/10/2018 /0157,Manipur,Noney,83H/10,LS157,"NH_37A, Imphal- Khoupum highway.",24.64152778,93.62369444,"24°38'29.5""N","93°37'25.3""E",9,13,8,117,,58.5,0,Debris,Slide,Rapid,Active,Retrogressi ve,Successiv e,Shallow translation al failure,,Lowly dissected slope,Shale with subordinate sandstone,S⁰: 0⁰/31⁰→90⁰,Moderate vegetation,Dry,Rainfall,Nil,Nil,Nil,,,,1. Planar failure. 2. Increase in pore water pressure 3. reduction of strenght in super-saturation. 4. Weak lithology.,1. Benching of slope,Debri material is removed and proper line drainage is provided,,,11
158,MN/NON/8 3H/10/2018 /0158,Manipur,Noney,83H/10,LS158,"NH_37A, Imphal- Khoupum highway.",24.63936111,93.65944444,"24°38'21.7""N","93°39'34""E",35,80,22,2800,,5600,0,Debris,Slide,Moderate,Active,Widening,Successiv e,Shallow rotational failure.,,,Shale with subordinate sandstone of Lower Disang Formation.,S⁰: 340⁰/20⁰→70⁰,Plantation (LHP),Dripping,Rainfall,Nil,Nil,Nil,,,Agriculture,1. Increase in pore water pressure 3. reduction of strenght in super-saturation. 4. Loose debri material,1. Gabion wall construction. 2. Proper drainage to drain away the water. 3. Avoid stagnation of water at the toe of the slide.,,,,11
159,MN/NON/8 3H/10/2018 /0159,Manipur,Noney,83H/10,LS159,Data taken from Londangmei village,24.73325556,93.70185556,"24°43'59.72""N","93°42'6.68""E",,,,,,,,Debris,Slide,Moderate,Active,Retrogressi ve,Single,Deep translation al failure,,Highly dissected slope,"Shale, siltstone and sandstone of Upper Disang Formation.",,Moderate vegetation,Dry,Rainfall,Nil,Nil,Nil,,,Forest,1. Increase in pore water pressure 3. reduction of strenght in super-saturation.,,Natural slide. Data taken by remote sensing technigue.,,,111
160,MN/CCP/8 3H/10/2018 /0160,Manipur,Churachan dpur,83H/10,LS160,Pangjang village,24.55357222,93.71131667,"24°33'12.86""N","93°42'40.74""E",14,25,10,350,,175,0,Debris,Slide,,Active,Retrogressi ve,Single,Shallow translation al failure,,Moderately dissected slope,Shale with subordinate siltstone,S⁰: 110⁰/51⁰→200⁰,Moderate vegetation,Dry,Rainfall,Nil,Nil,Nil,,,Forest,1. Increase in pore water pressure 3. reduction of strenght in super-saturation.,,Concrete walls constructed.,,,11
161,MN/CCP/8 3H/10/2018 /0161,Manipur,Churachan dpur,83H/10,LS161,Pangjang - Gouijang highway,24.54805278,93.70973889,"24°32'52.99""N","93°42'35.06""E",30,35,22,1050,,1575,0,Debris,Slide,Moderate,Relict,Retrogressi ve,Single,Shallow translation al failure,,Lowly dissected slope,Sandstone with subordinate shale,S⁰: 173⁰/10⁰→83⁰ J1: 78⁰/65⁰→168⁰,Moderate vegetation,Dry,Rainfall,Nil,Nil,Nil,,,Forest,1. Increase in pore water pressure 3. reduction of strenght in super-saturation.,,,,,11
162,MN/CCP/8 3H/10/2018 /0162,Manipur,Churachan dpur,83H/10,LS162,Loktak- Leimatak road,24.59597222,93.72188889,"24°35'45.5""N","93°43'18.8""E",10,5,11,50,,50,0,Rock,Slide,Rapid,Active,Retrogressi ve,Single,Shallow translation al failure,,Lowly dissected slope,Alternate layers of shale and sandstone.,S⁰: 180⁰/30⁰→270⁰,Moderate vegetation,Dry,Anthropogenic activity- Road cutting.,Nil,Nil,Nil,,,Forest,1. Weak lithology. 2.Increase in pore water pressure in the overburden. 3. extensive slope cut.,,Concrete walls provided at the toe of the slide,,,11
163,MN/CCP/8 3H/10/2018 /0163,Manipur,Churachan dpur,83H/10,LS163,Data taken from Nalon village,24.53401667,93.68043333,"24°32'2.46""N","93°40'49.56""E",,,,,,,0,Debris,Slide,Rapid,Active,Retrogressi ve,Single,Shallow translation al failure,,Moderately dissected slope,"Shale, siltstone and sandstone of Upper Disang Formation.",,Moderate vegetation,,Rainfall,Nil,Nil,Nil,,,Forest,1. Increase in pore water pressure 2. reduction of strenght in super-saturation.,,Natural slide. Data taken by remote sensing technigue.,,,111
164,MN/CCP/8 3H/10/2018 /0164,Manipur,Churachan dpur,83H/10,LS164,Near Nalon village,24.54436111,93.67491667,"24°32'39.7""N","93°40'29.7""E",50,45,46,2250,,4500,100,Debris,Slide,Moderate,Active,Retrogressi ve,Single,Shallow translation al failure,,Moderately dissected slope,Splintery shale with subordinate sandstone,S⁰: 350⁰/50⁰→260⁰,Moderate vegetation,,Rainfall,Nil,Nil,Nil,,,Forest,1. Increase in pore water pressure 2. reduction of strenght in super-saturation.,,1. Not recommende d passage of heavy vehicles 2. Overburden material is removed,,,11
165,MN/CCP/8 3H/10/2018 /0165,Manipur,Churachan dpur,83H/10,LS165,Data taken from Nalon village,24.53881667,93.67676667,"24°32'19.74""N","93°40'36.36""E",,,,,,,0,Debris,Slide,Rapid,Relict,Retrogressi ve,Single,Shallow translation al failure,,Moderately dissected slope,"Shale, siltstone and sandstone of Upper Disang Formation.",,Moderate vegetation,,Rainfall,Nil,Nil,Nil,,,Forest,1. Increase in pore water pressure 2. reduction of strenght in super-saturation.,,Natural slide. Data taken by remote sensing technigue.,,,111
166,MN/CCP/8 3H/10/2018 /0166,Manipur,Churachan dpur,83H/10,LS166,Agri linked road Nalon village,24.54380556,93.67652778,"24°32'37.7""N","93°40'35.5""E",20,15,18,300,,150,0,Debris,Slide,Rapid,Active,Retrogressi ve,Single,Shallow translation al failure,,Moderately dissected slope,Flaggy fine grained sandstone which is fractured with shale partings,S⁰: 150⁰/25⁰→60⁰,Moderate vegetation,Dry,Rainfall,Nil,Nil,Nil,Road partially blocked.,,Forest,1. Increase in pore water pressure 2. reduction of strenght in super-saturation. 3. Anthropogenic activity (unplanned cutting of slope),,,,,11
167,MN/CCP/8 3H/10/2018 /0167,Manipur,Churachan dpur,83H/10,LS167,Agri linked road Nalon village,24.5465,93.67166667,"24°32'47.4""N","93°40'18""E",24,23,20,552,,552,0,Debris,Slide,Rapid,Active,Retrogressi ve,Single,Shallow translation al failure,,Lowly dissected slope,Shale & sandstone alteration,,Moderate vegetation,Dry,Rainfall,Nil,Nil,Nil,Road partially blocked.,,Forest,1. Increase in pore water pressure 2. reduction of strenght in super-saturation. 3. Anthropogenic activity (unplanned cutting of slope),,Landslide occurs every year at this location during monsoon period,,,11
168,MN/CCP/8 3H/10/2018 /0168,Manipur,Churachan dpur,83H/10,LS168,Data taken from Nalon village,24.53655556,93.67004722,"24°32'11.6""N","93°40'12.17""E",,,,,,,0,Debris,Slide,Rapid,Active,Retrogressi ve,Single,Shallow translation al failure,,Highly dissected slope,"Shale, siltstone, Greywacke Rhythmite and sandstone of Upper Disang Formation.",,Thick vegetation,,Rainfall,Nil,Nil,Nil,,,Forest,1. Increase in pore water pressure 2. reduction of strenght in super-saturation.,,,,,111
169,MN/CCP/8 3H/10/2018 /0169,Manipur,Churachan dpur,83H/10,LS169,Agri linked road Nalon village,24.54994444,93.66836111,"24°32'59.8""N","93°40'6.1""E",10,13,8,130,,195,0,Debris,Slide,Rapid,Reactivated,Retrogressi ve,Successiv e,Shallow translation al failure,Reactivation in 2018,Moderately dissected slope,Sandstone beds with shale partings,"S⁰: 70⁰/28⁰→160⁰ J1: 80⁰/71⁰→350⁰, J2: 30⁰/80⁰→300⁰",Moderate v egetation,Dry,Rainfall,Nil,Nil,Nil,Road partially blocked.,,Forest,1. Increase in pore water pressure 2. reduction of strenght in super-saturation. 3. Anthropogenic activity (unplanned cutting of slope),1.Removal of slided material. 2. Proper line d r a i n a g e t o b e provided. 3. Benching of slope,,,,11
170,MN/CCP/8 3H/10/2018 /0170,Manipur,Churachan dpur,83H/10,LS170,Agri linked road Nalon village,24.54925556,93.66768056,"24°32'57.32""N","93°40'3.65""E",15,10,13,150,,75,0,Debris,Slide,Rapid,Active,Retrogressi ve,Single,Shallow translation al failure,,Moderately dissected slope,Sandstone beds with shale partings,,Moderate vegetation,Dry,Rainfall,Nil,Nil,Nil,,,Forest,1. Increase in pore water pressure 2. reduction of strenght in super-saturation.,,Natural slide. Data taken by remote sensing technigue.,,,111
