Slide_No,State,District,Toposheet,Location,Latitude,Longitude,Length_m,Width_m,Height_m,Runout_m,Material,Movement_Type,Source_Note
L1,Mizoram,Champhai,84E/7,,23.4845,93.274,6.0,5.5,4.0,,Insitu soil,Soil slide,Extracted from Annexure 2; blank fields indicate the table did not yield a reliable value.
L2,Mizoram,Champhai,84E/7,,23.4839,93.2801,8.0,13.0,5.0,,Insitu soil,Soil slide,Extracted from Annexure 2; blank fields indicate the table did not yield a reliable value.
L3,Mizoram,Champhai,84E/7,,23.4836,93.2801,5.0,25.0,4.0,8.0,Insitu soil,Soil slide,Extracted from Annexure 2; blank fields indicate the table did not yield a reliable value.
L4,Mizoram,Champhai,84E/7,,23.4833,93.2804,6.0,4.5,3.0,,Insitu soil,Soil slide,Extracted from Annexure 2; blank fields indicate the table did not yield a reliable value.
L5,Mizoram,Champhai,84E/7,,23.4798,93.284,12.0,15.0,8.0,,Regolith,,Extracted from Annexure 2; blank fields indicate the table did not yield a reliable value.
L6,Mizoram,Champhai,84E/7,,23.4784,93.2849,3.0,3.0,3.0,20.0,Insitu soil,,Extracted from Annexure 2; blank fields indicate the table did not yield a reliable value.
L7,Mizoram,Champhai,84E/7,,23.4779,93.2854,4.0,10.0,4.0,,Rock,Rock slide,Extracted from Annexure 2; blank fields indicate the table did not yield a reliable value.
L8,Mizoram,Champhai,84E/7,,23.4776,93.2863,,,,,Rock,Rock fall,Extracted from Annexure 2; blank fields indicate the table did not yield a reliable value.
L9,Mizoram,Champhai,84E/7,,23.4745,93.2892,4.0,4.0,3.0,,Colluvium,,Extracted from Annexure 2; blank fields indicate the table did not yield a reliable value.
L10,Mizoram,Champhai,84E/7,,23.475,93.2928,18.0,6.0,16.0,,Colluvium,,Extracted from Annexure 2; blank fields indicate the table did not yield a reliable value.
L11,Mizoram,Champhai,84E/7,,23.4717,93.2925,,,,,,Soil slide,Extracted from Annexure 2; blank fields indicate the table did not yield a reliable value.
L12,Mizoram,Champhai,84E/7,,23.4697,93.3,,,,,,Soil slide,Extracted from Annexure 2; blank fields indicate the table did not yield a reliable value.
L13,Mizoram,Champhai,84E/7,,23.4694,93.3006,,,,,,,Extracted from Annexure 2; blank fields indicate the table did not yield a reliable value.
L14,Mizoram,Champhai,84E/7,,23.4694,93.3001,,,,,,,Extracted from Annexure 2; blank fields indicate the table did not yield a reliable value.
L15,Mizoram,Champhai,84E/7,,23.4686,93.3014,7.0,20.0,6.0,8.0,Insitu soil,Soil slide,Extracted from Annexure 2; blank fields indicate the table did not yield a reliable value.
L16,Mizoram,Champhai,84E/7,,23.4684,93.3047,4.0,5.0,3.0,,Insitu soil,Soil slide,Extracted from Annexure 2; blank fields indicate the table did not yield a reliable value.
L17,Mizoram,Champhai,84E/7,,23.4686,93.3056,3.0,3.0,2.0,3.0,Insitu soil,Soil slide,Extracted from Annexure 2; blank fields indicate the table did not yield a reliable value.
L18,Mizoram,Champhai,84E/7,,23.4662,93.3129,10.0,13.0,6.0,,Insitu soil,Soil slide,Extracted from Annexure 2; blank fields indicate the table did not yield a reliable value.
L19,Mizoram,Champhai,84E/7,,23.4382,93.3458,3.0,4.0,3.0,30.0,Insitu soil,,Extracted from Annexure 2; blank fields indicate the table did not yield a reliable value.
L20,Mizoram,Champhai,84E/7,,23.4363,93.346,7.0,8.0,5.0,13.0,Insitu soil,Soil slide,Extracted from Annexure 2; blank fields indicate the table did not yield a reliable value.
L21,Mizoram,Champhai,84E/7,,23.4332,93.3426,3.0,5.0,3.0,17.0,Insitu soil,,Extracted from Annexure 2; blank fields indicate the table did not yield a reliable value.
L22,Mizoram,Champhai,84E/7,,23.4326,93.3406,,,,,Rock,Rock fall,Extracted from Annexure 2; blank fields indicate the table did not yield a reliable value.
L23,Mizoram,Champhai,84E/7,,23.4327,93.3394,,,,,Rock,,Extracted from Annexure 2; blank fields indicate the table did not yield a reliable value.
L24,Mizoram,Champhai,84E/7,,23.4323,93.3391,15.0,10.0,13.0,,Rock,Rock slide,Extracted from Annexure 2; blank fields indicate the table did not yield a reliable value.
L25,Mizoram,Champhai,84E/7,,23.4218,93.3394,,,,,Rock,,Extracted from Annexure 2; blank fields indicate the table did not yield a reliable value.
L26,Mizoram,Champhai,84E/7,,23.4278,93.3385,,,,,Rock,,Extracted from Annexure 2; blank fields indicate the table did not yield a reliable value.
L27,Mizoram,Champhai,84E/7,,23.4277,93.3369,,,,,,,Extracted from Annexure 2; blank fields indicate the table did not yield a reliable value.
L28,Mizoram,Champhai,84E/7,,23.4277,93.3356,13.0,30.0,9.0,5.0,Insitu soil,,Extracted from Annexure 2; blank fields indicate the table did not yield a reliable value.
L29,Mizoram,Champhai,84E/7,,23.4255,93.3354,3.0,3.0,3.0,2.0,Rock,Rock slide,Extracted from Annexure 2; blank fields indicate the table did not yield a reliable value.
L30,Mizoram,Champhai,84E/7,,23.4241,93.3349,8.0,15.0,6.0,5.0,Insitu soil,,Extracted from Annexure 2; blank fields indicate the table did not yield a reliable value.
L31,Mizoram,Champhai,84E/7,,23.4207,93.3346,14.0,34.0,8.0,,Insitu soil,Soil slide,Extracted from Annexure 2; blank fields indicate the table did not yield a reliable value.
L32,Mizoram,Champhai,84E/7,,23.4179,93.3337,15.0,11.0,8.0,,Insitu soil,Soil slide,Extracted from Annexure 2; blank fields indicate the table did not yield a reliable value.
L33,Mizoram,Champhai,84E/7,,23.4167,93.3342,8.0,21.0,7.0,,Insitu soil,,Extracted from Annexure 2; blank fields indicate the table did not yield a reliable value.
L34,Mizoram,Champhai,84E/7,,23.4152,93.3363,36.0,51.0,28.0,,Insitu soil,,Extracted from Annexure 2; blank fields indicate the table did not yield a reliable value.
L35,Mizoram,Champhai,84E/7,,23.4139,93.3384,8.0,18.0,6.0,3.0,Regolith,,Extracted from Annexure 2; blank fields indicate the table did not yield a reliable value.
L36,Mizoram,Champhai,84E/7,,23.4129,93.3385,25.0,12.0,15.0,3.0,Insitu soil,Soil slide,Extracted from Annexure 2; blank fields indicate the table did not yield a reliable value.
L37,Mizoram,Champhai,84E/7,,23.4123,93.3394,7.0,3.0,6.0,,Rock,Rock slide,Extracted from Annexure 2; blank fields indicate the table did not yield a reliable value.
L38,Mizoram,Champhai,84E/7,,23.4115,93.3427,4.0,3.0,3.0,10.0,Regolith,,Extracted from Annexure 2; blank fields indicate the table did not yield a reliable value.
L39,Mizoram,Champhai,84E/7,,23.4114,93.3433,40.0,30.0,35.0,,Regolith,,Extracted from Annexure 2; blank fields indicate the table did not yield a reliable value.
L40,Mizoram,Champhai,84E/7,,23.4067,93.3471,8.0,8.0,6.0,,Insitu soil,Soil slide,Extracted from Annexure 2; blank fields indicate the table did not yield a reliable value.
L41,Mizoram,Champhai,84E/7,,23.4067,93.3583,6.0,6.0,5.0,,Insitu soil,Soil slide,Extracted from Annexure 2; blank fields indicate the table did not yield a reliable value.
L42,Mizoram,Champhai,84E/7,,23.4054,93.3604,8.0,5.0,6.0,4.0,Insitu soil,,Extracted from Annexure 2; blank fields indicate the table did not yield a reliable value.
L43,Mizoram,Champhai,84E/7,,23.4011,93.3578,5.0,7.0,4.0,,Insitu soil,,Extracted from Annexure 2; blank fields indicate the table did not yield a reliable value.
L44,Mizoram,Champhai,84E/7,,23.3971,93.3601,12.0,15.0,8.0,,Insitu soil,,Extracted from Annexure 2; blank fields indicate the table did not yield a reliable value.
L45,Mizoram,Champhai,84E/7,,23.3971,93.3603,14.0,20.0,7.0,4.0,Colluvium,,Extracted from Annexure 2; blank fields indicate the table did not yield a reliable value.
L46,Mizoram,Champhai,84E/7,,23.3886,93.361,9.0,51.0,7.0,,Colluvium,,Extracted from Annexure 2; blank fields indicate the table did not yield a reliable value.
L47,Mizoram,Champhai,84E/7,,23.3964,93.3643,30.0,50.0,30.0,,Rock,Rock slide,Extracted from Annexure 2; blank fields indicate the table did not yield a reliable value.
L48,Mizoram,Champhai,84E/7,,23.3961,93.3665,26.0,27.0,25.0,,Rock,Rock slide,Extracted from Annexure 2; blank fields indicate the table did not yield a reliable value.
L49,Mizoram,Champhai,84E/7,,23.3967,93.3679,,,,,Insitu soil,Soil slide,Extracted from Annexure 2; blank fields indicate the table did not yield a reliable value.
L50,Mizoram,Champhai,84E/7,,23.3954,93.3704,6.0,5.0,4.0,,Regolith,Soil slide,Extracted from Annexure 2; blank fields indicate the table did not yield a reliable value.
L51,Mizoram,Champhai,84E/7,,23.394,93.3752,4.0,7.0,3.0,,Regolith,,Extracted from Annexure 2; blank fields indicate the table did not yield a reliable value.
L52,Mizoram,Champhai,84E/7,,23.3928,93.3758,93.3758,11.0,15.0,8.0,Insitu soil,,Extracted from Annexure 2; blank fields indicate the table did not yield a reliable value.
L53,Mizoram,Champhai,84E/7,,23.3918,93.386,4.0,4.0,3.0,,Insitu soil,,Extracted from Annexure 2; blank fields indicate the table did not yield a reliable value.
L54,Mizoram,Champhai,84E/7,,23.3901,93.3801,3.0,6.0,3.0,4.0,Regolith,,Extracted from Annexure 2; blank fields indicate the table did not yield a reliable value.
L55,Mizoram,Champhai,84E/7,,23.3843,93.383,2.0,3.0,2.0,4.0,Insitu soil,,Extracted from Annexure 2; blank fields indicate the table did not yield a reliable value.
L56,Mizoram,Champhai,84E/7,,23.3807,93.3882,93.3882,5.0,10.0,3.0,Rock,Rock slide,Extracted from Annexure 2; blank fields indicate the table did not yield a reliable value.
L57,Mizoram,Champhai,84E/7,,23.3817,93.3862,6.0,20.0,5.0,4.0,Insitu soil,,Extracted from Annexure 2; blank fields indicate the table did not yield a reliable value.
L58,Mizoram,Champhai,84E/7,,23.3801,93.3885,6.0,3.0,6.0,,Rock,Rock slide,Extracted from Annexure 2; blank fields indicate the table did not yield a reliable value.
L59,Mizoram,Champhai,84E/7,,23.3798,93.3868,7.0,10.0,6.0,,Regolith,,Extracted from Annexure 2; blank fields indicate the table did not yield a reliable value.
L60,Mizoram,Champhai,84E/7,,23.3798,93.3844,93.3844,12.0,6.0,10.0,Rock,Rock slide,Extracted from Annexure 2; blank fields indicate the table did not yield a reliable value.
L61,Mizoram,Champhai,84E/7,,23.3784,93.3845,6.0,5.0,5.0,14.0,Insitu soil,Soil slide,Extracted from Annexure 2; blank fields indicate the table did not yield a reliable value.
L62,Mizoram,Champhai,84E/7,,23.3764,93.3849,15.0,10.0,13.0,10.0,Insitu soil,Soil slide,Extracted from Annexure 2; blank fields indicate the table did not yield a reliable value.
L63,Mizoram,Champhai,84E/7,,23.3923,93.3939,10.0,20.0,8.0,,Regolith,,Extracted from Annexure 2; blank fields indicate the table did not yield a reliable value.
L64,Mizoram,Champhai,84E/7,,23.393,93.3784,18.0,51.0,15.0,,Regolith,,Extracted from Annexure 2; blank fields indicate the table did not yield a reliable value.
L65,Mizoram,Champhai,84E/7,,23.3931,93.3786,30.0,50.0,20.0,,Insitu soil,,Extracted from Annexure 2; blank fields indicate the table did not yield a reliable value.
L66,Mizoram,Champhai,84E/7,,22.3951,93.3806,93.3806,20.0,47.0,15.0,Rock,Rock slide,Extracted from Annexure 2; blank fields indicate the table did not yield a reliable value.
L67,Mizoram,Champhai,84E/7,,22.3936,93.3792,93.3792,8.0,5.0,7.0,Rock,Rock slide,Extracted from Annexure 2; blank fields indicate the table did not yield a reliable value.
L68,Mizoram,Champhai,84E/7,,23.3951,93.3833,93.3833,7.0,7.0,5.0,Insitu soil,Soil slide,Extracted from Annexure 2; blank fields indicate the table did not yield a reliable value.
L69,Mizoram,Champhai,84E/7,,23.3957,93.3821,93.3821,10.0,10.0,8.0,Regolith,Rock slide,Extracted from Annexure 2; blank fields indicate the table did not yield a reliable value.
L70,Mizoram,Champhai,84E/7,,23.3961,93.382,93.382,9.0,17.0,8.0,Regolith,,Extracted from Annexure 2; blank fields indicate the table did not yield a reliable value.
L71,Mizoram,Champhai,84E/7,,23.3971,93.3831,93.3831,5.0,6.0,4.0,Regolith,,Extracted from Annexure 2; blank fields indicate the table did not yield a reliable value.
L72,Mizoram,Champhai,84E/7,,23.3979,93.3845,93.3845,15.0,43.0,10.0,Insitu soil,,Extracted from Annexure 2; blank fields indicate the table did not yield a reliable value.
L73,Mizoram,Champhai,84E/7,,23.3977,93.3854,93.3854,20.0,40.0,10.0,Insitu soil,Soil slide,Extracted from Annexure 2; blank fields indicate the table did not yield a reliable value.
L74,Mizoram,Champhai,84E/7,,23.3911,93.3939,93.3939,20.0,19.0,13.0,Colluvium,,Extracted from Annexure 2; blank fields indicate the table did not yield a reliable value.
L75,Mizoram,Champhai,84E/7,,23.3914,93.3938,,,,,Colluvium,,Extracted from Annexure 2; blank fields indicate the table did not yield a reliable value.
L76,Mizoram,Champhai,84E/7,,23.3918,93.394,93.394,12.0,20.0,10.0,Colluvium,,Extracted from Annexure 2; blank fields indicate the table did not yield a reliable value.
L77,Mizoram,Champhai,84E/7,,23.3956,93.3883,,,,,,,Extracted from Annexure 2; blank fields indicate the table did not yield a reliable value.
L78,Mizoram,Champhai,84E/7,,23.395,93.3898,7.0,23.395,93.3898,,Colluvium,,Extracted from Annexure 2; blank fields indicate the table did not yield a reliable value.
L79,Mizoram,Champhai,84E/7,,23.3929,93.3936,20.0,95.0,15.0,,Insitu soil,,Extracted from Annexure 2; blank fields indicate the table did not yield a reliable value.
L80,Mizoram,Champhai,84E/7,,23.396,93.3878,15.0,32.0,9.0,,Colluvium,,Extracted from Annexure 2; blank fields indicate the table did not yield a reliable value.
L81,Mizoram,Champhai,84E/7,,23.3965,93.3873,7.0,23.3965,93.3873,,Colluvium,,Extracted from Annexure 2; blank fields indicate the table did not yield a reliable value.
L82,Mizoram,Champhai,84E/7,,23.3906,93.394,12.0,6.0,10.0,,Regolith,,Extracted from Annexure 2; blank fields indicate the table did not yield a reliable value.
L83,Mizoram,Champhai,84E/7,,23.39,93.3945,,,,,,,Extracted from Annexure 2; blank fields indicate the table did not yield a reliable value.
L84,Mizoram,Champhai,84E/7,,23.3892,93.3954,8.0,11.0,7.0,,Colluvium,Rock slide,Extracted from Annexure 2; blank fields indicate the table did not yield a reliable value.
L85,Mizoram,Champhai,84E/7,,23.3866,93.3958,6.0,10.0,5.0,10.0,Rock,Rock slide,Extracted from Annexure 2; blank fields indicate the table did not yield a reliable value.
L86,Mizoram,Champhai,84E/7,,23.386,93.3955,40.0,60.0,40.0,,Rock,Rock slide,Extracted from Annexure 2; blank fields indicate the table did not yield a reliable value.
L87,Mizoram,Champhai,84E/7,,23.3849,93.3943,20.0,100.0,20.0,,Rock,Rock slide,Extracted from Annexure 2; blank fields indicate the table did not yield a reliable value.
L88,Mizoram,Champhai,84E/7,,23.3838,93.3933,20.0,70.0,12.0,30.0,Colluvium,,Extracted from Annexure 2; blank fields indicate the table did not yield a reliable value.
L89,Mizoram,Champhai,84E/7,,23.3833,93.3926,8.0,14.0,7.0,,Colluvium,,Extracted from Annexure 2; blank fields indicate the table did not yield a reliable value.
L90,Mizoram,Champhai,84E/7,,23.3832,93.3919,40.0,30.0,20.0,50.0,Regolith,,Extracted from Annexure 2; blank fields indicate the table did not yield a reliable value.
L91,Mizoram,Champhai,84E/7,,23.3833,93.3913,25.0,18.0,20.0,,Regolith,Rock slide,Extracted from Annexure 2; blank fields indicate the table did not yield a reliable value.
L92,Mizoram,Champhai,84E/7,,23.3835,93.3906,15.0,10.0,10.0,,Colluvium,,Extracted from Annexure 2; blank fields indicate the table did not yield a reliable value.
L93,Mizoram,Champhai,84E/7,,23.3831,93.3905,60.0,40.0,50.0,10.0,Colluvium,,Extracted from Annexure 2; blank fields indicate the table did not yield a reliable value.
L94,Mizoram,Champhai,84E/7,,23.3829,93.3904,40.0,50.0,40.0,,Colluvium,Rock fall,Extracted from Annexure 2; blank fields indicate the table did not yield a reliable value.
L95,Mizoram,Champhai,84E/7,,23.3823,93.3904,,,,,,,Extracted from Annexure 2; blank fields indicate the table did not yield a reliable value.
L96,Mizoram,Champhai,84E/7,,23.4193,93.3342,,,,,Insitu soil,Soil slide,Extracted from Annexure 2; blank fields indicate the table did not yield a reliable value.
L97,Mizoram,Champhai,84E/7,,23.4241,93.3341,,,,,Colluvium,,Extracted from Annexure 2; blank fields indicate the table did not yield a reliable value.
L98,Mizoram,Champhai,84E/7,,23.4335,93.3378,25.0,20.0,80.0,,Colluvium,,Extracted from Annexure 2; blank fields indicate the table did not yield a reliable value.
L99,Mizoram,Champhai,84E/7,,23.4341,93.3374,22.0,25.0,80.0,,Insitu soil,,Extracted from Annexure 2; blank fields indicate the table did not yield a reliable value.
L100,Mizoram,Champhai,84E/7,,23.4289,93.3337,8.0,15.0,5.0,20.0,Colluvium,,Extracted from Annexure 2; blank fields indicate the table did not yield a reliable value.
L101,Mizoram,Champhai,84E/7,,23.4285,93.3335,10.0,25.0,8.0,30.0,Colluvium,,Extracted from Annexure 2; blank fields indicate the table did not yield a reliable value.
L102,Mizoram,Champhai,84E/7,,23.404,93.3569,5.0,4.0,4.0,,Regolith,,Extracted from Annexure 2; blank fields indicate the table did not yield a reliable value.
L103,Mizoram,Champhai,84E/7,,23.4024,93.35675,13.0,16.0,10.0,,Insitu soil,Soil slide,Extracted from Annexure 2; blank fields indicate the table did not yield a reliable value.
L104,Mizoram,Champhai,84E/7,,23.4428,93.34267,8.0,10.0,6.0,,Regolith,,Extracted from Annexure 2; blank fields indicate the table did not yield a reliable value.
L105,Mizoram,Champhai,84E/7,,23.4443,93.34139,12.0,16.0,8.0,,Insitu soil,Soil slide,Extracted from Annexure 2; blank fields indicate the table did not yield a reliable value.
L106,Mizoram,Champhai,84E/7,,23.3809,93.39036,150.0,80.0,120.0,,Regolith,Rock slide,Extracted from Annexure 2; blank fields indicate the table did not yield a reliable value.
L107,Mizoram,Champhai,84E/7,,23.3809,93.39011,,,,,,,Extracted from Annexure 2; blank fields indicate the table did not yield a reliable value.
L108,Mizoram,Champhai,84E/7,,23.3796,93.39,140.0,125.0,100.0,,Rock,Rock slide,Extracted from Annexure 2; blank fields indicate the table did not yield a reliable value.
L109,Mizoram,Champhai,84E/7,,23.3788,93.38933,100.0,94.0,80.0,,Regolith,,Extracted from Annexure 2; blank fields indicate the table did not yield a reliable value.
L110,Mizoram,Champhai,84E/7,,23.3777,93.38833,15.0,66.0,10.0,,Regolith,,Extracted from Annexure 2; blank fields indicate the table did not yield a reliable value.
L111,Mizoram,Champhai,84E/7,,23.3776,93.38769,70.0,50.0,60.0,,Regolith,,Extracted from Annexure 2; blank fields indicate the table did not yield a reliable value.
L112,Mizoram,Champhai,84E/7,,23.3778,93.38631,20.0,50.0,20.0,,Regolith,,Extracted from Annexure 2; blank fields indicate the table did not yield a reliable value.
L113,Mizoram,Champhai,84E/7,,23.3773,93.38694,,,,,,,Extracted from Annexure 2; blank fields indicate the table did not yield a reliable value.
L114,Mizoram,Champhai,84E/7,,23.3763,93.38678,100.0,150.0,80.0,,Regolith,,Extracted from Annexure 2; blank fields indicate the table did not yield a reliable value.
L115,Mizoram,Champhai,84E/7,,23.3752,93.38575,5.0,15.0,5.0,20.0,Insitu soil,,Extracted from Annexure 2; blank fields indicate the table did not yield a reliable value.
L116,Mizoram,Champhai,84E/7,,23.3748,93.38558,20.0,32.0,18.0,,Insitu soil,,Extracted from Annexure 2; blank fields indicate the table did not yield a reliable value.
L117,Mizoram,Champhai,84E/7,,23.3742,93.38525,26.0,28.0,20.0,,Insitu soil,,Extracted from Annexure 2; blank fields indicate the table did not yield a reliable value.
L118,Mizoram,Champhai,84E/7,,23.373,93.38533,100.0,152.0,80.0,,Colluvium,,Extracted from Annexure 2; blank fields indicate the table did not yield a reliable value.
L119,Mizoram,Champhai,84E/7,,23.3718,93.38565,10.0,10.0,8.0,,Colluvium,,Extracted from Annexure 2; blank fields indicate the table did not yield a reliable value.
L120,Mizoram,Champhai,84E/7,,23.3704,93.38586,8.0,15.0,7.0,,Colluvium,,Extracted from Annexure 2; blank fields indicate the table did not yield a reliable value.
L121,Mizoram,Champhai,84E/7,,23.3656,93.37803,20.0,50.0,18.0,15.0,Rock,Rock slide,Extracted from Annexure 2; blank fields indicate the table did not yield a reliable value.
L122,Mizoram,Champhai,84E/7,,23.3685,93.37992,6.0,7.0,4.0,15.0,Rock,Rock slide,Extracted from Annexure 2; blank fields indicate the table did not yield a reliable value.
L123,Mizoram,Champhai,84E/7,,23.364,93.38161,18.0,35.0,12.0,,Colluvium,,Extracted from Annexure 2; blank fields indicate the table did not yield a reliable value.
L124,Mizoram,Champhai,84E/7,,23.3634,93.38106,6.0,40.0,4.0,,Colluvium,,Extracted from Annexure 2; blank fields indicate the table did not yield a reliable value.
L125,Mizoram,Champhai,84E/7,,23.3659,93.38342,8.0,10.0,6.0,,Colluvium,,Extracted from Annexure 2; blank fields indicate the table did not yield a reliable value.
L126,Mizoram,Champhai,84E/7,,23.3667,93.38372,3.0,5.0,2.0,,Colluvium,,Extracted from Annexure 2; blank fields indicate the table did not yield a reliable value.
L127,Mizoram,Champhai,84E/7,,23.3738,93.38328,8.0,12.0,6.0,,Colluvium,,Extracted from Annexure 2; blank fields indicate the table did not yield a reliable value.
L128,Mizoram,Champhai,84E/7,,23.4386,93.3395,8.0,14.0,6.0,,Insitu soil,Soil slide,Extracted from Annexure 2; blank fields indicate the table did not yield a reliable value.
L129,Mizoram,Champhai,84E/7,,23.4431,93.34064,15.0,13.0,10.0,,Insitu soil,Soil slide,Extracted from Annexure 2; blank fields indicate the table did not yield a reliable value.
