Sl_No,Slide_No,State,District,Toposheet_No,Name_of_Slide,Latitude,Longitude,Length_m,Width_m,Height_m,Area_m2,Volume_m3,Runout_Distance_m,Type_of_Material,Type_of_Movement,Rate_of_Movement,Activity,Distribution,Style,Failure_Mechanism,History,Geomorphology,Geology,Structure,Landuse_Landcover,Hydrological_Condition,Triggering_Factor,Death_of_Person,People_Affected,Livestock_Loss,Communication,Infrastructure,Agriculture_Forest_Barren,Geo_scientific_Causes,Remedial_Measures,Remarks,Photos_Sketch,Summary_Abstract,Latitude_DMS,Longitude_DMS
1,NAG/PHK/83K/10/ 2017/0001,Nagaland,Phek,83K/10,Outskirts Meluri town,,94.634417,5,7,5,,,,Debris,Slide,,Active,Retrogressive,Single,Shallow translational,Initiation 2017,Moderately dissected,Shale,"S0 N20°E/25°W, EW/70°N",J1 Jhum,Flowing (Spring),Rainfall,,,,Road block,,Agriculture,erosion by nala pressure due,in 1.Removing surface proper retaining,of,,,"of 25°41'19.8""N","94°38'3.9""E"
2,NAG/PHK/83K/10/ 2017/0002,Nagaland,Phek,83K/10,Meluri to Akhegwo,,94.634278,8,9,6,,,,Debris,Slide,,Suspended,Retrogressive,Single,Shallow translational,Initiation 2017,Moderately dissected,,,Extensive,cut Wet,Rainfall,,,,Road block,,Forest,failure,1.Removing 2.Construction by construction holes for,toe,,,"25 road°42'40""N","94°38'3.4""E"
3,NAG/PHK/83K/10/ 2017/0003,Nagaland,Phek,83K/10,Meluri to Akhegwo,,94.636361,8,5,7,,,,Debris,Slide,,Active,Retrogressive,Single,Shallow translational,,Moderately dissected,Shale and,,Extensive,cut Wet,Rainfall,,,,Road block,,Forest,failure and increase due to monsoonal,water 1.Construction by construction holes for,toe,,,"25 road°42'59.4""N","94°38'10.9""E"
4,NAG/PHK/83K/10/ 2017/0004,Nagaland,Phek,83K/10,Meluri to Akhegwo,,94.652333,8,2,7,,,,Debris,Slide,,Suspended,Retrogressive,Single,Shallow translational,,Moderately dissected,Shale and,,Extensive,cut Damp,Rainfall,,,,,,Forest,failure and increase due to monsoonal,water 1.Construction by construction holes at,toe,,,"25 road°42'41.2""N","94°39'8.4""E"
5,NAG/PHK/83K/10/ 2017/0005,Nagaland,Phek,83K/10,Meluri to Akhegwo,,94.6485,10,3,10,,,100,Debris,Slide,,Active,Retrogressive,Single,Shallow translational,,Moderately dissected,Sst. + shale,,Jhum,Flowing (Spring),Rainfall,,,,,,Forest,load of overburden pore water monsoonal rainfall,slope 1.Construction runoff along Stabilization with proper,,,,"25 road°44'13.6""N","94°38'54.6""E"
6,NAG/PHK/83K/10/ 2017/0006,Nagaland,Phek,83K/10,Meluri to Akhegwo,,94.658333,10,6,8,,,,Debris,Slide,,Suspended,Retrogressive,Single,Shallow translational,,Moderately dissected,Shale and,,Extensive,cut Damp,Rainfall,,,,,,,failure,1.Removing of cut slope,,,,"25 road°43'57.4""N","94°39'30""E"
7,NAG/PHK/83K/10/ 2017/0007,Nagaland,Phek,83K/10,Meluri to Akhegwo,,94.658278,10,8,6,,,,Debris,Slide,,Active,Retrogressive,Single,Shallow translational,,Moderately dissected,,,Extensive,cut Damp,Rainfall,,,,,,,failure,1.Removing of lined,,,,"25 road°43'56.3""N","94°39'29.8""E"
8,NAG/PHK/83K/10/ 2017/0008,Nagaland,Phek,83K/10,Meluri to Akhegwo,,94.653628,10,7,7,,,,Debris,Slide,,Active,Retrogressive,Multiple,Shallow translational,,Moderately dissected,,,Moderate vegetation,Wet,Rainfall,,,,,,,by swift flowing,,Data taken distance undisturbed,is,,"25 road°43'47.29""N","94°39'13.06""E"
9,NAG/PHK/83K/10/ 2017/0009,Nagaland,Phek,83K/10,Meluri to Akhegwo,,94.670678,10,6,8,,,10,Debris,Slide,,Suspended,Retrogressive,Single,Shallow translational,,Moderately dissected,,,Thick vegetation,Wet,Rainfall,,,,,,,by swift flowing,Slope easing retaining prevent,Data taken distance.,,,"25 road°44'18.38""N","94°40'14.44""E"
10,NAG/PHK/83K/10/ 2017/0010,Nagaland,Phek,83K/10,Meluri to Akhegwo,,94.669825,12,8,8,,,5,Debris,Slide,,Active,Retrogressive,Single,Shallow translational,,Moderately dissected,,,Jhum,Flowing (Spring),Rainfall,,,,,,,by swift flowing,Slope easing retaining prevent,Data taken distance.,,,"25 road°44'22.23""N","94°40'11.37""E"
11,NAG/PHK/83K/10/ 2017/0011,Nagaland,Phek,83K/10,Meluri to Akhegwo,,94.671972,8,10,7,,,,Debris,Slide,,Active,Widening,Multiple,Shallow translational,,Moderately dissected,Shale,,Extensive,cut Damp,Rainfall,,,,,,,failure,Construcion weepholes drainage,,,,"25 road°44'20.8""N","94°40'19.1""E"
12,NAG/PHK/83K/10/ 2017/0012,Nagaland,Phek,83K/10,Meluri to Akhegwo,,94.671389,15,18,10,,,,Debris,Slide,,Active,Enlarging,Multiple,Shallow translational,,Moderately dissected,Shale and,,Extensive,cut Wet,Rainfall,,,,,,,failure and increase in overburden,Construcion weepholes drainage,,,,"25 road°44'16""N","94°40'17""E"
13,NAG/PHK/83K/10/ 2017/0013,Nagaland,Phek,83K/10,Meluri to Akhegwo,,94.701617,8,5,5,,,,2,Slide,,Active,Retrogressive,Single,Shallow translational,,Colluvial,,,Thick vegetation,Wet,Rainfall,,,,,,Forest,by swift flowing,,Data taken distance undisturbed,is,,"25 road°41'27.91""N","94°42'5.82""E"
14,NAG/PHK/83K/10/ 2017/0014,Nagaland,Phek,83K/10,Akhegwo Kiphire,,94.687556,11,10,8,,,,Debris,Slide,,Active,Retrogressive,Single,Shallow translational,,Moderately dissected,Shale,,Extensive,cut Wet,Rainfall,,,,,,,failure,Construcion weepholes drainage,,,,"to 25°43'36""N","94°41'15.2""E"
15,NAG/PHK/83K/10/ 2017/0015,Nagaland,Phek,83K/10,Akhegwo Kiphire,,94.695222,10,10,9,,,,Rock,Slide,,Active,Retrogressive,Single,Shallow translational,,Transportational mid slope,Shale +,"S0 N30°E/10°NW, J1 N70°E/82°SE, J2 N20°W/Subvertical",Extensive for road Jhum cultivated area.,cut Damp,Rainfall,,,,,,,failure of weathered,Construcion weepholes drainage,,,,"to 25°44'20.5""N","94°41'42.8""E"
16,NAG/PHK/83K/10/ 2017/0016,Nagaland,Phek,83K/10,Akhegwo Kiphire,,94.695139,,14,,,,,Rock,Fall,,Active,Retrogressive,Single,,,Highly dissected slope,Shale and,,Extensive for road Jhum cultivated,cut Flowing (Spring),Rainfall,,,,,,,failure,Construcion area and are recommended.,road,,,"to 25°44'23.2""N","94°41'42.5""E"
17,N NAG/PHK/83K/10/ 2017/0017,Nagaland,Phek,83K/10,Akhegwo Kiphire,,94.717331,10,5,8,,,,Debris,Slide,,Active,Retrogressive,Multiple,Shallow translational,,Colluvial,,,Thick vegetation,Wet,Rainfall,,,,,,Forest,by swift flowing,,Data taken distance undisturbed,is,,"to 25°43'17.23""N","94°43'2.39""E"
18,N NAG/PHK/83K/10/ 2017/0018,Nagaland,Phek,83K/10,Akhegwo Kiphire,,94.713581,5,2,4,,,,Debris,Slide,,Active,Retrogressive,Multiple,Shallow translational,,Moderately dissected,,,Moderate vegetation,Wet,Rainfall,,,,,,Forest,by swift flowing,,Data taken distance undisturbed,is,,"to 25°44'8.67""N","94°42'48.89""E"
19,N NAG/PHK/83K/10/ 2017/0019,Nagaland,Phek,83K/10,Akhegwo Kiphire,,94.665064,15,10,10,,,20,Debris,Slide,,Active,Retrogressive,Single,Shallow translational,,Moderately dissected,,,Jhum,Wet,Rainfall,,,,,,Forest,by swift flowing,,Data taken distance undisturbed,is,,"to 25°44'54.46""N","94°39'54.23""E"
20,NAG/PHK/83K/10/ 2017/0020,Nagaland,Phek,83K/10,Meluri to Jessami,25.665611,94.612222,20,9,18,,,,Debris,Slide,,Active,Retrogressive,Single,Shallow translational,,Moderately dissected,Shale,S0 N35°W/32°SW,Extensive,cut Damp,Rainfall,,,,Road block,,,failure and increase in overburden,Construcion weepholes construction the side,,,,"25°39'56.2""N","94°36'44""E"
21,NAG/PHK/83K/10/ 2017/0021,Nagaland,Phek,83K/10,Meluri to Jessami,25.666056,94.612778,22,30,20,,,,Debris,Slide,,Active,Retrogressive,Multiple,Shallow translational,,Moderately dissected,Shale,,Extensive,cut Damp,Anthropogenic,,,,Road,,,failure and increase in overburden,Construcion affected the road,of,,,"25°39'57.8""N","94°36'46""E"
22,NAG/PHK/83K/10/ 2017/0022,Nagaland,Phek,83K/10,Meluri to Jessami,25.660278,94.608611,,3,,,,,Rock,Fall,,Active,Retrogressive,Single,Shallow translational,,Moderately dissected,Shale,S0 N60°E/10°NW,Extensive,cut Damp,Anthropogenic,,,,Road,,,failure and increase in overburden The fallen material leading to cut fill,Construcion drainage load retaining recommended.,lined This area of area near are iof the road.,bend,,"25°39'37""N","94°36'31""E"
23,NAG/PHK/83K/10/ 2017/0023,Nagaland,Phek,83K/10,Meluri to Jessami,25.655,94.605389,,6,,,,,Rock,Fall,,Active,Advancing,Single,Shallw translational,,Escarpent landslide,Paleo Shale and,S0 N70°E/10°NW,Extensive,cut Damp,Anthropogenic,,,,Road,,,failure and increase due to rainfall on a steep slope.,"Construcion deposited slide, proper construction the road",of This area area along and of,,,"25°39'18""N","94°36'19.4""E"
24,NAG/PHK/83K/10/ 2017/0024,Nagaland,Phek,83K/10,Meluri to Jessami,25.651194,94.600444,15,7,10,,,,Debris,Slide,,Active,Enlarging,Multiple,Shallow translational,,Colluvial,,,Extensive,cut Damp,Rainfall,,,,Road,,,failure and increase in overburden,Construcion weepholes construction the side,,,,"25°39'4.3""N","94°36'1.6""E"
25,NAG/PHK/83K/10/ 2017/0025,Nagaland,Phek,83K/10,Meluri to Jessami,25.651389,94.600667,10,4,7,,,,Debris,Slide,,Active,Retrogressive,Single,Shallow translational,,Colluvial,,,Exyensive,cut Wet,Rainfall,,,,Road,,,failure and increase in overburden,Construcion weepholes construction the side,,,,"25°39'5""N","94°36'2.4""E"
26,NAG/PHK/83K/10/ 2017/0026,Nagaland,Phek,83K/10,Meluri to Jessami,25.646722,94.595722,,12,,,,,Rock,Fall,,Active,Retrogressive,Single,Shallow translational,,Escarpment,Shale and,,Extensive,cut Damp,Anthropogenic,,,,Road,,,failure and increase in overburden,Construcion area and are recommended.,fall road,,,"25°38'48.2""N","94°35'44.6""E"
27,NAG/PHK/83K/10/ 2017/0027,Nagaland,Phek,83K/10,Meluri to Jessami,25.644772,94.603747,10,10,8,,,15,Debris,Slide,,Active,Retrogressive,Multiple,Shallow translational,,Colluvial,,,Thick vegetation,Damp,Rainfall,,,,,,Forest,by swift flowing,,Data taken distance undisturbed,is,,"25°38'41.18""N","94°36'13.49""E"
28,MAN/UKL/83K/10 /2017/0027,Manipur,Ukhrul,83K/10,Meluri to Jessami,25.581778,94.506111,20,20,15,,,,Rock,Slide,,Active,Retrogressive,Single,Shallow translational,,Moderately dissected,Shale,"S0 N10oE/62oNW, J1 N35oW/53oNE, J2 N75oE/68oSSE",Extensive,cut Damp,Rainfall,,,,Road,,,Increased open joints,Construction and lined,site,,,"25°34'54.4""N","94°30'22""E"
29,MAN/UKL/83K/10 /2017/0027,Manipur,Ukhrul,83K/10,,25.540217,94.53105,20,20,15,,,,Debris,Slide,,Active,Enlarging,Multiple,Shallow translational,,Moderately dissected,Shale,,Thick vegetation,,Rainfall,,,,Road,,,,,,,,"25°32'24.78""N","94°31'51.78""E"
30,MAN/UKL/83K/10 /2017/0027,Manipur,Ukhrul,83K/10,Meluri to Jessami,25.631036,94.513414,60,51,50,,,180,Soil,Slide,,Active,Enlarging,Single,Deep translational,,Transportational mid slope,Shale,,Extensive,cut Damp,Rainfall,,,,Road,,Agriculture,"by nala, Increased due to stagnation",Hardening the slope,the Data taken distance undisturbed,is,,"25°37'51.73""N","94°30'48.29""E"
31,MAN/UKL/83K/10 /2017/0027,Manipur,Ukhrul,83K/10,Meluri to Jessami,25.624333,94.520333,30,20,25,,,,Rock,Slide,,Active,Retrogressive,Single,Shallow translational,,Moderately dissected,Shale,,Extensive,cut Damp,Rainfall,,,,Road,,,pore pressure erosion by,"Construction site, lined trees",,,,"25°37'27.6""N","94°31'13.2""E"
32,MAN/UKL/83K/10 /2017/0027,Manipur,Ukhrul,83K/10,Meluri to Jessami,25.615953,94.511172,20,5,,,,50,Debris,Slide,,Active,Retrogressive,Single,Shallow translational,,Moderately dissected,Shale,,Thick vegetation,,Rainfall,,,,Road,,,by nala,,Data taken distance undisturbed,is,,"25°36'57.43""N","94°30'40.22""E"
33,MAN/UKL/83K/10 /2017/0027,Manipur,Ukhrul,83K/10,Meluri to Jessami,25.619275,94.505386,70,50,60,,,,Rock,Slide,,Active,Retrogressive,Complex,Shallow translational,,Escarpment,Shale with grained,"S0 N20oW/47oWSW, J1 N25oE/56oESE, J2 N52oE/51oSE, N25oW/81oNE",Extensive J3,cut Damp,Rainfall,,,,Kutchha,road,,"by nala, failure after slope",Construction dessipate,bed to This slide bent of the,at the,,"25°37'9.39""N","94°30'19.39""E"
34,MAN/UKL/83K/10 /2017/0027,Manipur,Ukhrul,83K/10,Meluri to Jessami,25.611744,94.511322,20,5,,,,,Rock,Slide,,Active,Retrogressive,Multiple,Shallow translational,,Escarpment,Shale,,Thick vegetation,Flowing,Rainfall,,,,,,,by nala,Construction dessipate,bed to Data taken distance undisturbed,is,,"25°36'42.28""N","94°30'40.76""E"
35,MAN/UKL/83K/10 /2017/0027,Manipur,Ukhrul,83K/10,Meluri to Jessami,25.612494,94.506033,40,7,,,,,Rock,Slide,,Active,Retrogressive,Multiple,Shallow translational,,Escarpment,Shale,,Thick vegetation,Flowing,Rainfall,,,,,,,by nala,Construction dessipate,bed to Data taken distance undisturbed,is,,"25°36'44.98""N","94°30'21.72""E"
36,MAN/UKL/83K/10 /2017/0027,Manipur,Ukhrul,83K/10,Meluri to Jessami,25.612811,94.507497,20,15,,,,,Rock,Slide,,Active,Retrogressive,Multiple,Shallow translational,,Escarpment,Shale,,Thick vegetation,Flowing,Rainfall,,,,,,,by nala,Construction dessipate,bed to Data taken distance undisturbed,is,,"25°36'46.12""N","94°30'26.99""E"
37,MAN/UKL/83K/10 /2017/0027,Manipur,Ukhrul,83K/10,Meluri to Jessami,25.613819,94.507633,20,15,,,,,Rock,Slide,,Active,Retrogressive,Multiple,Shallow translational,,Escarpment,Shale,,Thick vegetation,Flowing,Rainfall,,,,,,,by nala,Construction dessipate,bed to Data taken distance undisturbed,is,,"25°36'49.75""N","94°30'27.48""E"
38,MAN/UKL/83K/10 /2017/0027,Manipur,Ukhrul,83K/10,Meluri to Jessami,25.615164,94.508158,30,20,,,,,Rock,Slide,,Active,Retrogressive,Multiple,Shallow translational,,Escarpment,Shale,,Thick vegetation,Flowing,Rainfall,,,,,,,by nala,Construction dessipate,bed to Data taken distance undisturbed,is,,"25°36'54.59""N","94°30'29.37""E"
40,MAN/UKL/83K/10 /2017/0027,Manipur,Ukhrul,83K/10,Meluri to Jessami,25.640278,94.586194,25,15,20,,,,Debris,Slide,,Active,Retrogressive,Single,Shallow translational,,Lowly dissected slopes,Shale,,Extensive,cut Damp,Rainfall,,,,Road,,,"slope cut failure,",pore Construction lined drainage,and,,,"25°38'25""N","94°35'10.3""E"
41,NAG/PHK/83K/10/ 2017/0026,Nagaland,Phek,83K/10,Akhegwo Waziho,,94.707583,20,10,17,,,,Debris,Slide,,Active,Retrogressive,Single,Shallow translational,,Lowly dissected slopes,Shale,,Extensive,cut Dripping,Rainfall,,,,Road,,,failure and increase in overburden along cut slope,Construction lined drainage,and,,,"to 25°41'42.4""N","94°42'27.3""E"
42,NAG/PHK/83K/10/ 2017/0026,Nagaland,Phek,83K/10,Akhegwo Waziho,,94.707972,15,9,12,,,,Debris,Slide,,Active,Retrogressive,Multiple,Shallow translational,,Moderately dissected,Shale,S0 N65oW/12oNE,Extensive,cut Wet,Rainfall,,,,Road,,,failure and increase in overburden along cut slope,Construction lined drainage,and,,,"to 25°41'59.3""N","94°42'28.7""E"
43,NAG/PHK/83K/10/ 2017/0026,Nagaland,Phek,83K/10,Akhegwo Waziho,,94.708072,20,12,15,,,,Debris,Slide,,Active,Retrogressive,Multiple,Shallow translational,,Moderately dissected,Shale,S0 N65oW/12oNE,Extensive,cut Wet,Rainfall,,,,Road,,,failure and increase in overburden along cut slope,Construction lined drainage,and,,,"to 25°41'59.69""N","94°42'29.06""E"
44,NAG/PHK/83K/10/ 2017/0026,Nagaland,Phek,83K/10,Akhegwo Waziho,,94.709889,15,10,,,,,Debris,Slide,,Active,Retrogressive,Multiple,Shallow translational,,Moderately dissected,Shale,,Moderate vegetation,Flowing,Rainfall,,,,,,,by nala,,Data taken distance undisturbed,is,,"to 25°42'18.47""N","94°42'35.6""E"
45,NAG/PHK/83K/10/ 2017/0026,Nagaland,Phek,83K/10,Akhegwo Waziho,,94.711333,50,20,,,,10,Debris,Slide,,Active,Retrogressive,Multiple,Shallow translational,,Moderately dissected,Shale,,Extensive,cut Dripping,Rainfall,,,,,,,by nala,,Data taken distance undisturbed,is,,"to 25°42'24.4""N","94°42'40.8""E"
46,NAG/PHK/83K/10/ 2017/0026,Nagaland,Phek,83K/10,Akhegwo Waziho,,94.712758,60,20,,,,10,Debris,Slide,,Active,Retrogressive,Multiple,Shallow translational,,Moderately dissected,Shale,,Extensive,cut Dripping,Rainfall,,,,,,,by nala,,Data taken distance undisturbed,is,,"to 25°42'25.7""N","94°42'45.93""E"
47,NAG/PHK/83K/10/ 2017/0026,Nagaland,Phek,83K/10,Akhegwo Waziho,,94.719717,50,30,,,,,Debris,Slide,,Active,Enlarging,Multiple,Shallow translational,,Moderately dissected,Shale,,Moderate vegetation,Flowing,Rainfall,,,,,,,by nala,,Data taken distance undisturbed,is,,"to 25°42'38.89""N","94°43'10.98""E"
48,NAG/PHK/83K/10/ 2017/0026,Nagaland,Phek,83K/10,Akhegwo Waziho,,94.721042,50,25,,,,80,Debris,Slide,,Active,Enlarging,Multiple,Shallow translational,,Moderately dissected,Shale,,Moderate vegetation,Flowing,Rainfall,,,,,,,by nala,,Data taken distance undisturbed,is,,"to 25°42'36.35""N","94°43'15.75""E"
49,NAG/PHK/83K/10/ 2017/0026,Nagaland,Phek,83K/10,Akhegwo Waziho,,94.709117,,,,,,,Debris,Slide,,Active,Retrogressive,Single,Shallow translational,,Moderately dissected,Shale,,Extensive,cut Damp,Rainfall,,,,,,,pore pressure failure,and Construction lined drainage,and Data taken distance undisturbed,is,,"to 25°42'59.3""N","94°42'32.82""E"
50,NAG/PHK/83K/10/ 2017/0026,Nagaland,Phek,83K/10,Akhegwo Waziho,,94.715056,10,10,8,,,,Debris,Slide,,Active,Enlarging,Single,Shallow translational,,Ridge,Shale,,Extensive,cut Damp,Rainfall,,,,,,,failure,Construction,,,,"to 25°41'7.9""N","94°42'54.2""E"
51,NAG/PHK/83K/10/ 2017/0026,Nagaland,Phek,83K/10,Waziho,25.667,94.718944,15,6,12,,,,Debris,Slide,,Active,Retrogressive,Single,Shallow translational,,Ridge,Shale,,Jhum,Wet,Rainfall,,,,Road,,,pore pressure and cut slope,due Construction lined drainage,and,,,"25°40'1.2""N","94°43'8.2""E"
52,NAG/PHK/83K/10/ 2017/0026,Nagaland,Phek,83K/10,Waziho,25.673472,94.716222,5,8,5,,,,Debris,Slide,,Active,Retrogressive,Single,Shallow translational,,Ridge,,,Extensive,cut Damp,Rainfall,,,,Road,,,pore pressure and cut slope,due Construction lined drainage,and,,,"25°40'24.5""N","94°42'58.4""E"
53,NAG/PHK/83K/10/ 2017/0026,Nagaland,Phek,83K/10,Waziho,25.662222,94.719444,6,6,5,,,,Debris,Slide,,Active,Retrogressive,Single,Shallow translational,,Ridge,Shale intercalated with sandstone,S0 N75oE/50oSW,Thick vegetation,Damp,Rainfall,,,,Road,,,pore pressure and cut slope,due Construction lined drainage,and,,,"25°39'44""N","94°43'10""E"
54,NAG/PHK/83K/10/ 2017/0026,Nagaland,Phek,83K/10,Waziho,,94.734333,11,7,10,,,,Debris,Slide,,Active,Retrogressive,Multiple,Shallow translational,,Moderately dissected,Volcanics Ophiolite,,Extensive,cut Wet,Rainfall,,,,Road,,,pore pressure and cut slope,due Construction lined drainage,and,,,"Zipu 25°39'12.1""N","94°44'3.6""E"
55,NAG/PHK/83K/10/ 2017/0026,Nagaland,Phek,83K/10,Waziho,,94.737028,50,10,,,,,Debris,Slide,,Active,Retrogressive,Single,Shallow translational,,Moderately dissected,Volcanics Ophiolite,,Thick vegetation,Wet,Rainfall,,,,Road,,,pore pressure,due,Data taken distance undisturbed,is,,"Zipu 25°38'57.94""N","94°44'13.3""E"
56,NAG/PHK/83K/10/ 2017/0026,Nagaland,Phek,83K/10,Waziho,,94.735889,5,4,4,,,,Debris,Slide,,Active,Retrogressive,Multiple,Shallow translational,,Moderately dissected,Volcanics Ophiolite,,Extensive,cut Damp,Rainfall,,,,Road,,,pore pressure and cut slope,due Construction lined drainage,and,,,"Zipu 25°39'8.5""N","94°44'9.2""E"
57,NAG/PHK/83K/10/ 2017/0026,Nagaland,Phek,83K/10,Waziho,,94.732444,6,6,5,,,,Debris,Slide,,Active,Retrogressive,Single,Shallow translational,,Highly dissected slopes,Mafics/Ultramafics of Ophiolite,,Extensive along the,cut Damp,Rainfall,,,,Road,,,pore pressure and cut slope,due Construction lined drainage,and,,,"Zipu 25°38'25.4""N","94°43'56.8""E"
58,NAG/PHK/83K/10/ 2017/0026,Nagaland,Phek,83K/10,Waziho,,94.733056,30,9,20,,,,Debris,Slide,,Active,Retrogressive,Single,Shallow translational,,Moderately dissected,Chert of siutes,,Extensive,cut Wet,Rainfall,,,,Road,,,pore pressure and cut slope,due Construction lined drainage,and,,,"Zipu 25°38'2.2""N","94°43'59""E"
59,NAG/PHK/83K/10/ 2017/0026,Nagaland,Phek,83K/10,Waziho Mokie,25.631122,94.748497,122,60,110,,,200,Debris,Slide,,Active,Enlarging,Single,Shallow translational,,Moderately dissected,Iimestone Ophiolite,,Extensive,cut Flowing,Rainfall,,,,,,Agriculture,erosion by nala,,Data taken distance undisturbed,is,,"25°37'52.04""N","94°44'54.59""E"
60,NAG/PHK/83K/14/ 2017/0026,Nagaland,Phek,83K/14,Waziho Mokie,25.631833,94.750139,50,47,40,,,,Rock,Slide,,Active,Enlarging,Single,Shallow translational,,Moderately dissected,Volcanics Ophiolite,"J1 N45oW/Subverticle, J2 N65oE/78oSE,",Extensive,cut Dry,Rainfall,,,,,,,along joint plane,"cut Lined drainage at the crown,",,,,"25°37'54.6""N","94°45'0.5""E"
61,NAG/PHK/83K/14/ 2017/0026,Nagaland,Phek,83K/14,Waziho Mokie,25.6375,94.757556,,,,,,,Rock,Fall,,Active,Confined,Single,Shallow translational,,Moderately dissected,Volcanics Ophiolite,J1 N20oE/34oSE,Extensive,cut Dry,Anthropogenic,,,,Road,,,along joint plane,"cut Lined drainage at the crown,",,,,"25°38'15""N","94°45'27.2""E"
62,NAG/PHK/83K/14/ 2017/0026,Nagaland,Phek,83K/14,Waziho Mokie,25.640056,94.765278,28,6,18,,,,Debris,Slide,,Active,Retrogressive,Single,Shallow translational,,Moderately dissected,Volcanics/ Ophiolite,of,Extensive,cut Dry,Rainfall,,,,Road,,,pore pressure and cut slope,due Construction lined drainage,and,,,"25°38'24.2""N","94°45'55""E"
63,NAG/PHK/83K/14/ 2017/0026,Nagaland,Phek,83K/14,Waziho Mokie,25.646389,94.766389,12,12,10,,,,Debris,Slide,,Active,Retrogressive,Single,Shallow translational,,Moderately dissected,Volcanics Ophiolite,,Extensive,cut Damp,Rainfall,,,,Road,,,pore pressure and cut slope,due Construction lined drainage,and,,,"25°38'47""N","94°45'59""E"
64,NAG/PHK/83K/14/ 2017/0026,Nagaland,Phek,83K/14,Mokie,25.652639,94.7705,25,7,20,,,,Debris,Slide,,Active,Retrogressive,Single,Shallow translational,,Moderately dissected,Volcanics Ophiolite,,Extensive,cut Damp,Rainfall,,,,Road,,,pore pressure,due Construction lined drainage,and,,,"25°39'9.5""N","94°46'13.8""E"
65,NAG/PHK/83K/14/ 2017/0026,Nagaland,Phek,83K/14,,25.605061,94.772156,7,11,20,,,,Debris,Slide,,Active,Retrogressive,Single,Shallow translational,,Moderately dissected,Volcanics Ophiolite,,Sparse vegetation,,Rainfall,,,,,,,pore pressure,due,Data taken distance undisturbed,is,,"25°36'18.22""N","94°46'19.76""E"
66,NAG/PHK/83K/14/ 2017/0026,Nagaland,Phek,83K/14,,25.593944,94.810925,40,30,,,,20,Rock,Slide,,Active,Retrogressive,Multiple,Shallow translational,,Escarpment,Volcanics Ophiolite,,Barren,,Rainfall,,,,,,,pore pressure on steep slopes,due,Data taken distance undisturbed,is,,"25°35'38.2""N","94°48'39.33""E"
67,NAG/PHK/83K/14/ 2017/0026,Nagaland,Phek,83K/14,Shillio to Thewati,,94.78825,6,4,5,,,10,Debris,Slide,,Active,Retrogressive,Successiv e,Shallow translational,,Moderately dissected,Mafic/Ultramafic Ophiolite,of,Extensive,cut Damp,Rainfall,,,,Road,,,pore pressure cut slope failure,due Construction lined drainage back filling,of,,,"New 25°35'18.2""N","94°47'17.7""E"
68,NAG/PHK/83K/14/ 2017/0026,Nagaland,Phek,83K/14,Shillio to Thewati,,94.792344,10,10,8,,,,Debris,Slide,,Active,Retrogressive,Single,Shallow translational,,Ridge,Quartz schist Saramati,,Sparse vegetation,Dry,Rainfall,,,,Road,,,pore pressure,due,Data taken distance undisturbed,is,,"New 25°35'4.27""N","94°47'32.44""E"
69,NAG/PHK/83K/14/ 2017/0026,Nagaland,Phek,83K/14,Shillio to Thewati,,94.785639,6,5,5,,,,Debris,Slide,,Active,Widening,Single,Shallow translational,,Moderately dissected,Mafic/Ultramafic Ophiolite,of,Extensive,cut Wet,Rainfall,,,,Road,,,failure and toe erosion,Proper,,,,"New 25°35'1.3""N","94°47'8.3""E"
70,NAG/PHK/83K/14/ 2017/0026,Nagaland,Phek,83K/14,Shillio to Thewati,,94.785139,12,15,10,,,,Debris,Slide,,Active,Retrogressive,Single,Shallow translational,,Moderately dissected,Mafic/Ultramafic cummulates Ophiolite,,Extensive,cut Damp,Rainfall,,,,Road,,,pore pressure and cut slope,due Construction lined drainage,and,,,"New 25°34'57.7""N","94°47'6.5""E"
71,NAG/PHK/83K/14/ 2017/0026,Nagaland,Phek,83K/14,Shillio to Thewati,,94.784833,12,5,10,,,,Debris,Slide,,Active,Retrogressive,Single,Shallow translational,,Lowly dissected slopes,Mafic/Ultramafic cummulates Ophiolite,,Thick vegetation,Damp,Rainfall,,,,Road,,,pore pressure and cut slope,due Construction lined drainage,and,,,"New 25°34'54.5""N","94°47'5.4""E"
72,NAG/PHK/83K/14/ 2017/0026,Nagaland,Phek,83K/14,Shillio to Thewati,,94.785556,20,11,15,,,,Debris,Slide,,Active,Retrogressive,Single,Shallow translational,,Lowly dissected slopes,Mafic/Ultramafic cummulates Ophiolite,,Extensive,cut Dry,Rainfall,,,,Road,,,pore pressure and cut slope,due Construction lined drainage,and,,,"New 25°34'35.2""N","94°47'8""E"
73,NAG/PHK/83K/14/ 2017/0026,Nagaland,Phek,83K/14,Shillio to Thewati,,94.784806,6,7,5,,,,Debris,Slide,,Active,Retrogressive,Single,Shallow translational,,Moderately dissected,Mafic/Ultramafic cummulates Ophiolite,,Extensive,cut Dry,Rainfall,,,,Road,,,pore pressure and cut slope,due Construction lined drainage,and,,,"New 25°34'6.7""N","94°47'5.3""E"
74,NAG/PHK/83K/14/ 2017/0026,Nagaland,Phek,83K/14,Shillio to Thewati,,94.784969,,,,,,,Debris,Slide,,Active,Widening,Single,Shallow translational,,Moderately dissected,Mafic/Ultramafic cummulates Ophiolite,,Moderate vegetation,,Rainfall,,,,,,,by nala,,Data taken distance undisturbed,is,,"New 25°34'19.41""N","94°47'5.89""E"
75,NAG/PHK/83K/14/ 2017/0026,Nagaland,Phek,83K/14,Shillio to Thewati,,94.783078,,,,,,,Debris,Slide,,Active,Widening,Single,Shallow translational,,Lowly dissected slopes,Mafic/Ultramafic cummulates Ophiolite,,Sparse vegetation,,Rainfall,,,,,,,by nala,,Data taken distance undisturbed,is,,"New 25°34'7""N","94°46'59.08""E"
76,NAG/PHK/83K/14/ 2017/0026,Nagaland,Phek,83K/14,Shillio to Thewati,,94.783889,20,5,15,,,,Debris,Slide,,Active,Retrogressive,Single,Shallow translational,,Moderately dissected,Mafic/Ultramafic cummulates Ophiolite,,Extensive,cut Damp,Rainfall,,,,Road,,,pore pressure cut slope failure,due Construction lined drainage,,,,"New 25°33'41""N","94°47'2""E"
77,NAG/PHK/83K/14/ 2017/0026,Nagaland,Phek,83K/14,Shillio to Thewati,,94.780778,7,5,5,,,,Debris,Slide,,Active,Retrogressive,Single,Shallow translational,,Moderately dissected,Volcanics Ophiolite,,Extensive,cut Dry,Rainfall,,,,Road,,,pore pressure cut slope failure,due Construction lined drainage,,,,"New 25°33'40.7""N","94°46'50.8""E"
78,NAG/PHK/83K/14/ 2017/0026,Nagaland,Phek,83K/14,Shillio to Thewati,,94.778178,,,,,,,Debris,Slide,,Active,Retrogressive,Single,Shallow translational,,Lowly dissected slopes,Volcanics Ophiolite,,Moderate vegetation,Flowing,Rainfall,,,,,,,by nala,,Data taken distance undisturbed,is,,"New 25°33'42.85""N","94°46'41.44""E"
79,NAG/PHK/83K/14/ 2017/0026,Nagaland,Phek,83K/14,Shillio to Thewati,,94.773214,,,,,,,Debris,Slide,,Active,Retrogressive,Single,Shallow translational,,Lowly dissected slopes,Volcanics Ophiolite,,Moderate vegetation,Dry,Rainfall,,,,,,,by nala,,Data taken distance undisturbed,is,,"New 25°33'39.04""N","94°46'23.57""E"
80,MAN/UKL/83K/10 /2017/0027,Manipur,Ukhrul,83K/10,Jessami Soraphung,25.587167,94.514361,20,12,15,,,,Debris,Slide,,Active,Retrogressive,Single,Shallow translational,,Moderately dissected,Shale,,Extensive,cut Damp,Rainfall,,,,,,,pore pressure cut slope failure,due Construction lined drainage,,,,"25°35'13.8""N","94°30'51.7""E"
81,NAG/PHK/83K/14/ 2017/0026,Nagaland,Phek,83K/14,Shillio to Avakhung,25.602511,94.891208,,,,,,,Debris,Slide,,Active,Retrogressive,Single,Shallow translational,,Escarpment,Shale with Quartzite Avankhu,,Sparse vegetation,,Rainfall,,,,,,,pore pressure,due,Data taken distance undisturbed,is,,"25°36'9.04""N","94°53'28.35""E"
82,NAG/PHK/83K/14/ 2017/0026,Nagaland,Phek,83K/14,Shillio to Avakhung,25.570222,94.877278,20,10,15,,,,Debris,Slide,,Active,Retrogressive,Single,Shallow translational,,Moderately dissected,Quartzite Avankhu,,Extensive,cut Dry,Rainfall,,,,Road,,,pore pressure cut slope failure,due Construction lined drainage material,,,,"25°34'12.8""N","94°52'38.2""E"
83,NAG/PHK/83K/14/ 2017/0026,Nagaland,Phek,83K/14,Shillio to Avakhung,25.581,94.863694,9,10,8,,,,Rock,Slide,,Active,Retrogressive,Single,Shallow translational,,Moderately dissected,Feldspathic Quartzite Fm.,,Extensive,cut Damp,Rainfall,,,,Road,,,pore pressure cut slope failure,due Construction lined drainage material,,,,"25°34'51.6""N","94°51'49.3""E"
85,NAG/PHK/83K/14/ 2017/0026,Nagaland,Phek,83K/14,Shillio to Avakhung,25.583833,94.858,15,15,15,,,,Rock,Slide,,Active,Retrogressive,Multiple,Shallow translational,,Moderately dissected,Quartzite-Sericite Nimi Fm.,of,Extensive,cut Dry,Rainfall,,,,Road,,,pore pressure cut slope failure,due Construction lined drainage,,,,"25°35'1.8""N","94°51'28.8""E"
86,NAG/PHK/83K/14/ 2017/0026,Nagaland,Phek,83K/14,Shillio to Avakhung,25.584147,94.8582,15,15,13,,,,Rock,Slide,,Active,Retrogressive,Single,Shallow translational,,Moderately dissected,Quartzite-Sericite Nimi Fm.,of,Extensive,cut Dry,Rainfall,,,,Road,,,pore pressure cut slope failure,due Construction lined drainage,,,,"25°35'2.93""N","94°51'29.52""E"
87,NAG/PHK/83K/14/ 2017/0026,Nagaland,Phek,83K/14,Shillio to Avakhung,25.586389,94.858222,6,6,5,,,,Rock,Slide,,Active,Retrogressive,Multiple,Shallow translational,,Escarpment,Quartzite-Sericite Nimi Fm.,of,Extensive,cut Dry,Rainfall,,,,Road,,,cut slope failure,Construction removal,,,,"25°35'11""N","94°51'29.6""E"
88,NAG/PHK/83K/14/ 2017/0026,Nagaland,Phek,83K/14,Shillio to Avakhung,25.586389,94.858222,10,20,15,,,,Rock,Slide,,Active,Retrogressive,Multiple,Shallow translational,,Escarpment,Quartzite-Sericite Nimi Fm.,of,Extensive,cut Dry,Rainfall,,,,Road,,,cut slope failure,Construction removal,,,,"25°35'11""N","94°51'29.6""E"
89,NAG/PHK/83K/14/ 2017/0026,Nagaland,Phek,83K/14,Shillio to Avakhung,25.587778,94.858722,25,40,20,,,,Rock,Slide,,Active,Enlarging,Multiple,Shallow translational,,Escarpment,Quartzite-Sericite Nimi Fm.,of,Extensive,cut Dry,Rainfall,,,,Road,,,cut slope failure,Removal by benching,,,,"25°35'16""N","94°51'31.4""E"
90,NAG/PHK/83K/14/ 2017/0026,Nagaland,Phek,83K/14,Shillio to Avakhung,25.588806,94.859428,10,12,8,,,,Rock,Slide,,Active,Retrogressive,Multiple,Shallow translational,,Escarpment,Quartzite-Sericite Nimi Fm.,of,Extensive,cut Dry,Rainfall,,,,Road,,,cut slope failure,Removal by benching,,,,"25°35'19.7""N","94°51'33.94""E"
91,NAG/PHK/83K/14/ 2017/0026,Nagaland,Phek,83K/14,Shillio to Avakhung,25.595083,94.857778,10,30,8,,,,Rock,Slide,,Active,Enlarging,Multiple,Shallow translational,,Moderately dissected,Quartzite-Sericite Nimi Fm.,of,Extensive,cut Dry,Rainfall,,,,Road,,,cut slope failure,Removal by benching,,,,"25°35'42.3""N","94°51'28""E"
92,NAG/PHK/83K/14/ 2017/0026,Nagaland,Phek,83K/14,Shillio to Avakhung,25.593333,94.855194,40,20,30,,,,Debris,Slide,,Suspended,Advancing,Single,Shallow translational,,Moderately dissected,Quartzite-Sericite Nimi Fm.,of,Extensive,cut Dry,Rainfall,,,,Road,,,failure,Proper compact planting,,,,"25°35'36""N","94°51'18.7""E"
93,NAG/PHK/83K/14/ 2017/0026,Nagaland,Phek,83K/14,Shillio to Avakhung,25.626833,94.847053,150,130,,,,100,Debris,Slide,,Suspended,Retrogressive,Multiple,Shallow translational,,Escarpment,Nimi Fm,,Extensive,cut,Rainfall,,,,Road,,,by nala,,Data taken distance undisturbed,is,,"25°37'36.6""N","94°50'49.39""E"
94,NAG/PHK/83K/14/ 2017/0026,Nagaland,Phek,83K/14,Shillio to Avakhung,25.585472,94.846833,20,15,15,,,,Rock,Slide,,Active,Retrogressive,Multiple,Shallow translational,,Escarpment,Quartzite-Sericite Nimi Fm.,of,Extensive,cut Dry,Rainfall,,,,Road,,,cut slope failure,Removal by benching,,,,"25°35'7.7""N","94°50'48.6""E"
95,NAG/PHK/83K/14/ 2017/0026,Nagaland,Phek,83K/14,Shillio to Avakhung,25.590139,94.846333,10,8,8,,,,Rock,Slide,,Active,Retrogressive,Single,Shallow translational,,Moderately dissected,Quartzite-Sericite Nimi Fm.,of,Extensive,cut Dry,Rainfall,,,,Road,,,cut slope failure,Removal by benching,,,,"25°35'24.5""N","94°50'46.8""E"
96,NAG/PHK/83K/14/ 2017/0026,Nagaland,Phek,83K/14,Shillio to Avakhung,25.594639,94.842444,20,15,15,,,,Rock,Slide,,Active,Retrogressive,Multiple,Shallow translational,,Moderately dissected,Quartzite-Sericite Nimi Fm.,of,Extensive,cut Dry,Anthropogenic,,,,Road,,,cut slope failure,Removal by benching,,,,"25°35'40.7""N","94°50'32.8""E"
97,NAG/PHK/83K/14/ 2017/0026,Nagaland,Phek,83K/14,Shillio to Avakhung,25.597167,94.842028,10,12,8,,,,Rock,Slide,,Active,Retrogressive,Multiple,Shallow translational,,Escarpment,Feldspathic Quartzite Fm.,,Extensive,cut Dry,Anthropogenic,,,,Road,,,cut slope failure,Removal,,,,"25°35'49.8""N","94°50'31.3""E"
98,NAG/PHK/83K/14/ 2017/0026,Nagaland,Phek,83K/14,Shillio to Avakhung,25.6,94.841389,10,12,8,,,,Rock,Slide,,Active,Retrogressive,Single,Shallow translational,,Moderately dissected,Feldspathic Quartzite Fm.,,Extensive,cut Flowing,Rainfall,,,,Road,,,"cut slope failure, spring",Removal channelizing,and,,,"25°36'0""N","94°50'29""E"
99,NAG/PHK/83K/14/ 2017/0026,Nagaland,Phek,83K/14,Shillio to Avakhung,25.604389,94.839583,8,15,7,,,,Rock,Slide,,Active,Retrogressive,Single,Shallow translational,,Moderately dissected,Feldspathic Quartzite Fm.,"J1 NS/57oE, EW/68oN",Extensive,cut Dry,Anthropogenic,,,,Road,,,cut slope failure,Removal,,,,"25°36'15.8""N","94°50'22.5""E"
100,NAG/PHK/83K/14/ 2017/0026,Nagaland,Phek,83K/14,Shillio to Avakhung,25.605458,94.839083,10,30,8,,,,Rock,Slide,,Active,Enlarging,Multiple,Shallow translational,,Moderately dissected,Feldspathic Quartzite Fm.,,Extensive,cut Dry,Anthropogenic,,,,Road,,,cut slope failure,Removal,,,,"25°36'19.65""N","94°50'20.7""E"
101,NAG/PHK/83K/14/ 2017/0026,Nagaland,Phek,83K/14,Shillio to Avakhung,25.607778,94.837944,15,10,13,,,,Rock,Slide,,Active,Retrogressive,Single,Shallow translational,,Moderately dissected,Feldspathic Quartzite Fm.,,Extensive,cut Dry,Anthropogenic,,,,Road,,,cut slope failure,Removal,,,,"25°36'28""N","94°50'16.6""E"
102,NAG/PHK/83K/14/ 2017/0026,Nagaland,Phek,83K/14,Pokhungri,25.601028,94.829722,10,10,7,,,,Debris,Slide,,Active,Suspended,Single,Shallow translational,,Moderately dissected,Limestone Fm.,,Extensive,cut Wet,Rainfall,,,,Road,,,zone could,the Construction,,,,"25°36'3.7""N","94°49'47""E"
103,NAG/PHK/83K/14/ 2017/0026,Nagaland,Phek,83K/14,,25.623364,94.819272,,,,,,,Debris,Slide,,Active,Retrogressive,Single,Shallow translational,,Moderately dissected,Volcanics Ophiolite,,Moderate vegetation,,Rainfall,,,,,,,by nala,,Data taken distance undisturbed,is,,"25°37'24.11""N","94°49'9.38""E"
104,NAG/PHK/83K/14/ 2017/0026,Nagaland,Phek,83K/14,,25.680917,94.792014,,,,,,,Debris,Slide,,Active,Retrogressive,Multiple,Shallow translational,,Escarpment,Mafics/Ultramafics of Ophiolite,,Thick vegetation,,,,,,,,,pore pressure,,Data taken distance undisturbed,is,,"25°40'51.3""N","94°47'31.25""E"
105,NAG/PHK/83K/14/ 2017/0026,Nagaland,Phek,83K/14,Pokhungri Shilloi,,94.822389,20,15,16,,,,Rock,Slide,,Suspended,Retrogressive,Single,Shallow translational,,Moderately dissected,Volcanics Ophiolite,,Extensive,cut Dry,Rainfall,,,,Road,,,cut slope failure,Removal slope,of,,,"to 25°35'37.6""N","94°49'20.6""E"
106,NAG/PHK/83K/14/ 2017/0026,Nagaland,Phek,83K/14,Pokhungri Shilloi,,94.823292,,,,,,,Debris,Slide,,Active,Retrogressive,Multiple,Shallow translational,,Transportational mid slope,Volcanics Ophiolite,,Jhum,,Rainfall,,,,,,,pore pressure,,Data taken distance undisturbed,is,,"to 25°36'7.95""N","94°49'23.85""E"
107,NAG/PHK/83K/14/ 2017/0026,Nagaland,Phek,83K/14,Pokhungri Shilloi,,94.806111,8,10,7,,,,Rock,Slide,,Active,Retrogressive,Multiple,Shallow translational,,Moderately dissected,Volcanic agglomerate Ophiolite,,Extensive,cut Dry,Anthropogenic,,,,Road,,,failure and weak,Removal and lined,,,,"to 25°36'34.1""N","94°48'22""E"
108,NAG/PHK/83K/14/ 2017/0026,Nagaland,Phek,83K/14,Pokhungri Shilloi,,94.801031,,,,,,,Debris,Slide,,Active,Retrogressive,Multiple,Shallow translational,,Moderately dissected,Volcanics Ophiolite,,Extensive,cut,Rainfall,,,,Road,,,by nala,,Data taken distance undisturbed,is,,"to 25°37'12.97""N","94°48'3.71""E"
109,NAG/PHK/83K/14/ 2017/0026,Nagaland,Phek,83K/14,Pokhungri Shilloi,,94.800833,15,10,12,,,,Rock,Slide,,Active,Retrogressive,Multiple,Shallow translational,,Moderately dissected,Volcanics Ophiolite,,Sparse vegetation,Dry,Anthropogenic,,,,Road,,,cut fill by nala,Proper back vegetation,,,,"to 25°36'19.8""N","94°48'3""E"
110,NAG/PHK/83K/14/ 2017/0026,Nagaland,Phek,83K/14,New Thewati,25.559211,94.769978,10,7,5,,,,Debris,Slide,,Active,Retrogressive,Multiple,Shallow translational,,Lowly dissected slopes,Mafics/Ultramafics cummulates Ophiolite,,Moderate vegetation,Dry,Rainfall,,,,Road,,,and toe,Building channel,,,,"25°33'33.16""N","94°46'11.92""E"
111,NAG/PHK/83K/14/ 2017/0026,Nagaland,Phek,83K/14,New Thewati,25.555056,94.768611,,25,,,,,Soil,subsiden ce,,Active,Widening,Complex,Deep rotational,,Transportational mid slope,Volcanics Ophiolite,,Cultivated,Flowing,Rainfall,,,,Road,,,pore pressure unchannelized with standing,due Sealing lined drainage the,open crown 5-10 cms. the toe has sinking 20 m below Construction,are at road,,"25°33'18.2""N","94°46'7""E"
112,NAG/PHK/83K/14/ 2017/0026,Nagaland,Phek,83K/14,New Thewati,25.555969,94.764325,~30,>50,~25,,,,Debris,Slide,,Active,Enlarging,Multiple,Shallow translational,,Colluvial,Volcanics Ophiolite,,Moderate vegetation,Dry,Rainfall,,,,Village,,,by nala,,Data taken distance undisturbed,is,,"25°33'21.49""N","94°45'51.57""E"
113,NAG/PHK/83K/14/ 2017/0026,Nagaland,Phek,83K/14,New Thewati to Washello,25.553833,94.762389,18,8,15,,,,Debris,Slide,,Active,Retrogressive,Single,Shallow translational,,Moderately dissected,"Tuffaceous grwywacke, feldspathic",,Extensive,cut Dry,Rainfall,,,,Road,,,cut slope pore pressure,"Lined drainage, hardening",and,,,"25°33'13.8""N","94°45'44.6""E"
114,NAG/PHK/83K/14/ 2017/0026,Nagaland,Phek,83K/14,New Thewati to Washello,25.554167,94.760944,18,12,14,,,,Debris,Slide,,Active,Retrogressive,Single,Shallow translational,,Highly dissected slope,"(TPuofkfahcpeuoru grwywacke, feldspathic",,Moderate vegetation,Wet,Rainfall,,,,Road,,,cut slope pore pressure,Lined drainage vegetation,,,,"25°33'15""N","94°45'39.4""E"
115,NAG/PHK/83K/14/ 2017/0026,Nagaland,Phek,83K/14,New Thewati to Washello,25.566944,94.773222,22,15,18,,,,Debris,Slide,,Active,Retrogressive,Multiple,Shallow translational,,Transportational mid slope,(MPaofkihcsp/uUr cummulates Ophiolite,,Extensive,cut Dry,Rainfall,,,,Road,,,cut slope pore pressure,Lined drainage vegetation,,,,"25°34'1""N","94°46'23.6""E"
116,NAG/PHK/83K/14/ 2017/0026,Nagaland,Phek,83K/14,New Thewati to Washello,25.566583,94.763722,12,13,10,,,,Debris,Slide,,Active,Retrogressive,Single,Shallow translational,,Moderately dissected,Mafics/Ultramafics cummulates Ophiolite,,Extensive,cut Dry,Rainfall,,,,Road,,,cut slope pore pressure,Lined drainage vegetation,,,,"25°33'59.7""N","94°45'49.4""E"
117,NAG/PHK/83K/14/ 2017/0026,Nagaland,Phek,83K/14,Washello Zhipu,,94.766083,8,8,6,,,,Debris,Slide,,Active,Retrogressive,Multiple,Shallow translational,,Lowly dissected slope,Volcanics Ophiolite,,Extensive,cut Dry,Rainfall,,,,Road,,,cut slope pore pressure,Lined drainage vegetation,,,,"to 25°35'21.2""N","94°45'57.9""E"
118,NAG/PHK/83K/14/ 2017/0026,Nagaland,Phek,83K/14,Washello Zhipu,,94.767,6,8,5,,,,Debris,Slide,,Active,Retrogressive,Single,Shallow translational,,Moderately dissected,Volcanics Ophiolite,,Moderate vegetation,Dry,Rainfall,,,,Road,,,cut slope pore pressure,Lined drainage vegetation,,,,"to 25°35'52""N","94°46'1.2""E"
119,NAG/PHK/83K/14/ 2017/0026,Nagaland,Phek,83K/14,Washello Zhipu,,94.785444,,,,,,,Debris,Slide,,Active,Widening,Multiple,Shallow translational,,Colluvial,Volcanics Ophiolite,,Thick vegetation,Dry,Rainfall,,,,,,,by nala,,,,,"to 25°35'46""N","94°47'7.6""E"
120,NAG/PHK/83K/14/ 2017/0026,Nagaland,Phek,83K/14,Washello Zhipu,,94.768083,10,12,8,,,,Debris,Slide,,Active,Retrogressive,Single,Shallow translational,,Moderately dissected,Volcanics Ophiolite,,Extensive,cut Damp,Rainfall,,,,Road,,,cut slope,Lined drainage vegetation,,,,"to 25°36'16.6""N","94°46'5.1""E"
121,NAG/PHK/83K/14/ 2017/0026,Nagaland,Phek,83K/14,Washello Zhipu,,94.76,8,8,8,,,,Rock,Slide,,Active,Widening,Multiple,Shallow translational,,Moderately dissected,Mafics/Ultramafics cummulates Ophiolite,"J1 N30oE/60oNW, J2 EW/47oN, NS/58oE",Thick vegetation J3,Damp,Rainfall,,,,Road,,,slide along,Lined drainage,,,,"to 25°36'16""N","94°45'36""E"
122,NAG/PHK/83K/10/ 2017/0026,Nagaland,Phek,83K/10,Washello Zhipu,,94.747167,20,8,15,,,,Debris,Slide,,Active,Retrogressive,Single,Shallow translational,,Moderately dissected,Volcanics Ophiolite,,Extensive,cut Flowing,Rainfall,,,,Road,,,,"Lined drainage,hardening channelizing the road.",across,,,"to 25°36'39.7""N","94°44'49.8""E"
123,NAG/PHK/83K/10/ 2017/0026,Nagaland,Phek,83K/10,Washello Zhipu,,94.745889,20,15,18,,,,Debris,Slide,,Active,Retrogressive,Single,Shallow translational,,Moderately dissected,Volcanics Ophiolite,,Thick vegetation,Wet,Rainfall,,,,Road,,,extensive,"Lined drainage,slope",,,,"to 25°36'46.8""N","94°44'45.2""E"
124,NAG/PHK/83K/14/ 2017/0026,Nagaland,Phek,83K/14,Kuzato Wazeho,25.682333,94.760111,13,10,10,,,,Rock,Slide,,Active,Retrogressive,Single,Shallow translational,,Moderately dissected,Volcanics Ophiolite,"J1 N62oW/65oNNE, J2 N15oE/55oSE, J3 N10E/66oNW",Moderate vegetation,Dry,Rainfall,,,,Road,,,slope cut failure,along Removal,,,,"25°40'56.4""N","94°45'36.4""E"
125,NAG/PHK/83K/14/ 2017/0026,Nagaland,Phek,83K/14,Kuzato Wazeho,25.674944,94.762694,18,6,5,,,,Debris,Slide,,Active,Retrogressive,Single,Shallow translational,,Moderately dissected,Chert/Volcanics Ophiolite,of,Extensive,cut Damp,Rainfall,,,,,,,erosion,Removal across the,,,,"25°40'29.8""N","94°45'45.7""E"
126,NAG/PHK/83K/14/ 2017/0026,Nagaland,Phek,83K/14,Kuzato Wazeho,25.660583,94.755389,9,7,6,,,,Debris,Slide,,Active,Retrogressive,Single,Shallow translational,,Escarpment,Volcanics Ophiolite,,Thick vegetation,Wet,Rainfall,,,,Road,,,and excessive,"Lined drainage,",,,,"25°39'38.1""N","94°45'19.4""E"
127,NAG/PHK/83K/14/ 2017/0026,Nagaland,Phek,83K/14,Kuzato Wazeho,25.660194,94.7535,10,8,8,,,,Debris,Slide,,Active,Retrogressive,Single,Shallow translational,,Moderately dissected,Volcanics Ophiolite,,Thick vegetation,Wet,Rainfall,,,,Road,,,and excessive,"Lined drainage,",,,,"25°39'36.7""N","94°45'12.6""E"
128,NAG/PHK/83K/14/ 2017/0026,Nagaland,Phek,83K/14,Kuzato Wazeho,25.657361,94.750278,10,6,8,,,,Rock,Slide,,Active,Retrogressive,Single,Shallow translational,,Escarpment,Volcanics Ophiolite,"J1 N43oE/35oSE, N20oW/65oNW, N30E/87oSE",J2 Extensive J3,cut Wet,Rainfall,,,,Road,,,slope cut failure,along Lined drainage,,,,"25°39'26.5""N","94°45'1""E"
133,NAG/PHK/83K/14/ 2017/0026,Nagaland,Phek,83K/14,Laruri village,25.680167,94.837944,25,80,20,,,,Debris,Slide,,Active,Retrogressive,Multiple,Shallow translational,2017,Transportational mid slope,Volcanics Ophiolite,,Flat ground,Flowing (Spring),Rainfall,,,,,Damage playground,to,pore pressure due to rainfall,Contour easing by,slope,,,"25°40'48.6""N","94°50'16.6""E"
134,NAG/PHK/83K/14/ 2017/0026,Nagaland,Phek,83K/14,SW of Amikhiro,25.742178,94.842917,80,40,60,,,,Debris,Slide,,Active,Retrogressive,Multiple,Shallow translational,,Transportational mid slope,Serpentinite Ophiolite,,Barren,Dry,Rainfall,,,,,,,pore pressure overburden due deep gully erosion,,Data taken distance undisturbed,is,,"25°44'31.84""N","94°50'34.5""E"
135,NAG/PHK/83K/14/ 2017/0026,Nagaland,Phek,83K/14,4km NW Sutsii village,,94.810833,50,20,,,,90,Debris,Slide,,Active,Retrogressive,Multiple,Shallow translational,,Transportational mid slope,Serpentinite Ophiolite,,Moderate vegetation,Dry,Rainfall,,,,,,,pore pressure overburden and,,Data taken distance undisturbed,is,,"of 25°42'57.44""N","94°48'39""E"
136,NAG/PHK/83K/14/ 2017/0026,Nagaland,Phek,83K/14,3km SE Phor village,25.729639,94.795675,20,10,,,,,Debris,Slide,,Active,Retrogressive,Single,Shallow translational,,Transportational mid slope,Shale of,,Jhum,Damp,Rainfall,,,,,,,pore pressure and weak lithology,due,Data taken distance undisturbed,is,,"25°43'46.7""N","94°47'44.43""E"
137,NAG/PHK/83K/14/ 2017/0026,Nagaland,Phek,83K/14,3km SE Phor village,25.728964,94.795497,28,10,,,,,Debris,Slide,,Active,Retrogressive,Multiple,Shallow translational,,Transportational mid slope,Shale of,,Jhum,Damp,Rainfall,,,,,,,pore pressure and deep gully,due,Data taken distance undisturbed,is,,"25°43'44.27""N","94°47'43.79""E"
138,NAG/PHK/83K/14/ 2017/0026,Nagaland,Phek,83K/14,1km East Phor village,,94.780361,15,3,12,,,,Rock,Slide,,Active,Retrogressive,Single,Shallow translational,,Moderately dissected,Shale of,"J1 N15oE/55oE, N75oW/81oNE",J2 Extensive,cut Dry,Anthropogenic,,,,Road,,,failure along joints,Removal along the,,,,"of 25°44'0.4""N","94°46'49.3""E"
139,NAG/PHK/83K/14/ 2017/0026,Nagaland,Phek,83K/14,1km East Phor village,,94.787844,8,4,7,,,,Debris,Slide,,Active,Retrogressive,Single,Shallow translational,,Moderately dissected,Shale of,,Moderate vegetation,Dry,Rainfall,,,,,,,pore pressure and toe erosion,due,Data taken distance undisturbed,is,,"of 25°44'14.24""N","94°47'16.24""E"
140,NAG/PHK/83K/14/ 2017/0026,Nagaland,Phek,83K/14,Phor village,25.7345,94.777417,15,8,10,,,,Debris,Slide,,Active,Retrogressive,Single,Shallow translational,,Moderately dissected,Shale of,,Extensive,cut Damp,Rainfall,,,,Road,,,pore pressure and slope cut,due Slope easing along the,,,,"25°44'4.2""N","94°46'38.7""E"
141,NAG/PHK/83K/14/ 2017/0026,Nagaland,Phek,83K/14,Phor village Kuzato,,94.780667,18,8,15,,,,Debris,Slide,,Active,Retrogressive,Single,Shallow translational,,Moderately dissected,Shale of,,Moderate vegetation,Dry,Rainfall,,,,Road,,,pore pressure and slope cut,due Hardening drainage,,,,"to 25°43'18.7""N","94°46'50.4""E"
142,NAG/PHK/83K/14/ 2017/0026,Nagaland,Phek,83K/14,Phor village Kuzato,,94.775361,35,8,25,,,,Rock,Slide,,Active,Advancing,Multiple,Shallow translational,2017,Highly dissected slope,Volcanics Ophiolite,,Extensive,cut Dry,Anthropogenic,,,,Road,,,of fractures due runoff water and,of Slope easing slope along the,,,,"to 25°42'3.4""N","94°46'31.3""E"
143,NAG/PHK/83K/14/ 2017/0026,Nagaland,Phek,83K/14,Phor village Kuzato,,94.775594,35,10,30,,,,Rock,Slide,,Active,Retrogressive,Single,Shallow translational,2017,Highly dissected slope,Volcanics Ophiolite,,Extensive,cut Dry,Anthropogenic,,,,Road,,,of fractures due runoff water and,of Slope easing slope along the,,,,"to 25°42'2.49""N","94°46'32.14""E"
144,NAG/PHK/83K/14/ 2017/0026,Nagaland,Phek,83K/14,Phor village Kuzato,,94.775633,30,15,25,,,,Rock,Slide,,Active,Retrogressive,Single,Shallow translational,2017,Highly dissected slope,Volcanics Ophiolite,,Extensive,cut Dry,Anthropogenic,,,,Road,,,of fractures due runoff water and,of Slope easing slope along the,,,,"to 25°42'1.82""N","94°46'32.28""E"
145,NAG/PHK/83K/14/ 2017/0026,Nagaland,Phek,83K/14,Phor village Kuzato,,94.775583,,3,,,,,Rock,Fall,,Active,Retrogressive,Single,Shallow translational,2017,Highly dissected slope,Volcanics Ophiolite,,Moderate vegetation,Wet,Anthropogenic,,,,Road,,,of joints and,Removal,,,,"to 25°41'58.4""N","94°46'32.1""E"
146,NAG/PHK/83K/14/ 2017/0026,Nagaland,Phek,83K/14,Phor village Kuzato,,94.767222,10,8,8,,,,Debris,Slide,,Active,Retrogressive,Multiple,Shallow translational,2017,Highly dissected slope,Volcanics Ophiolite,,Moderate vegetation,Dry,Rainfall,,,,Road,,,pore pressure and slope cut,due Slope easing along the,,,,"to 25°42'1""N","94°46'2""E"
147,NAG/PHK/83K/14/ 2017/0026,Nagaland,Phek,83K/14,Phor village Kuzato,,94.761833,15,8,12,,,,Debris,Slide,,Active,Retrogressive,Single,Shallow translational,2017,Moderately dissected,Serpentinite Ophiolite,,Extensive,cut Damp,Rainfall,,,,Road,,,pore pressure and slope cut,due Slope easing along the,,,,"to 25°41'57.3""N","94°45'42.6""E"
148,NAG/PHK/83K/10/ 2017/0026,Nagaland,Phek,83K/10,Wazeho Molen,25.641,94.730878,,,,,,,Debris,Slide,,Active,Retrogressive,Single,Shallow translational,2017,Ridge,Volcanics Ophiolite,,Extensive,cut Damp,Rainfall,,,,,,,pore pressure and weak lithology,due,Data taken distance undisturbed,is,,"25°38'27.6""N","94°43'51.16""E"
149,NAG/PHK/83K/10/ 2017/0026,Nagaland,Phek,83K/10,Lephori,25.613472,94.583333,5,15,5,,,,Debris,Slide,,Active,Retrogressive,Single,Shallow translational,2017,Moderately dissected,Shale of,,Extensive,cut Damp,Rainfall,,,,Road,,,pore pressure and extensive,due Slope easing along the,Cut-fill the road transverse,cracks,,"25°36'48.5""N","94°35'0""E"
150,NAG/PHK/83K/10/ 2017/0026,Nagaland,Phek,83K/10,Lephori,25.600306,94.613222,15,10,10,,,,Rock,Slide,,Active,Retrogressive,Single,Shallow translational,,Moderately dissected,Shale of,"SoN10E/17o J1 N45oW/Subvertical, J2 N40oE/55oESE",Extensive,cut Damp,Anthropogenic,,,,Road,,,cut slope failure,Slope easing along the,,,,"25°36'1.1""N","94°36'47.6""E"
151,NAG/PHK/83K/10/ 2017/0026,Nagaland,Phek,83K/10,Lephori,25.599722,94.612972,10,8,8,,,,Debris,Slide,,Active,Retrogressive,Single,Shallow translational,,Moderately dissected,Shale of,,Extensive,cut Damp,Rainfall,,,,Road,,,pore pressure and weak lithology,due Slope hardening,,,,"25°35'59""N","94°36'46.7""E"
152,NAG/PHK/83K/10/ 2017/0026,Nagaland,Phek,83K/10,Lephori,25.599056,94.617222,8,8,7,,,,Debris,Slide,,Active,Retrogressive,Single,Shallow translational,,Moderately dissected,Shale of,,Estensive,cut Damp,Rainfall,,,,Road,,,pore pressure and weak lithology,due Slope hardening,,,,"25°35'56.6""N","94°37'2""E"
153,NAG/PHK/83K/10/ 2017/0026,Nagaland,Phek,83K/10,Matikhru,,94.591889,8,14,8,,,,Soil,Slide,,Active,Retrogressive,Single,Shallow translational,,Highly dissected slope,Shale of,,Extensive,cut Damp,Rainfall,,,,Road,,,pore pressure and extensive,due Slope hardening,,,,"road 25°36'36.3""N","94°35'30.8""E"
154,NAG/PHK/83K/10/ 2017/0026,Nagaland,Phek,83K/10,Matikhru,,94.596944,18,6,10,,,,Debris,Slide,,Active,Retrogressive,Multiple,Shallow translational,,Highly dissected slope,Shale of,,Estensive,cut Flowing (Spring),Rainfall,,,,Road,,,pore pressure and extensive,due Slope hardening,,,,"road 25°35'36.5""N","94°35'49""E"
155,NAG/PHK/83K/10/ 2017/0026,Nagaland,Phek,83K/10,Matikhru,,94.595278,10,8,8,,,,Debris,Slide,,Active,Retrogressive,Single,Shallow translational,,Highly dissected slope,Shale of,,Extensive,cut Wet,Rainfall,,,,Road,,,pore pressure and extensive,due Slope hardening,,,,"road 25°35'30.6""N","94°35'43""E"
156,NAG/PHK/83K/10/ 2017/0026,Nagaland,Phek,83K/10,Lanezho- Kizare road,25.650556,94.5095,20,12,17,,,,Rock,Slide,,Active,Retrogressive,Multiple,Shallow translational,,Highly dissected slope,Shale of,"SoN40oE/38o J1 N52oE/68oSE, N70oW/85oSW","NW, Estensive J2",cut Damp,Anthropogenic,,,,Road,,,cut slope failure,along Slope easing along the,,,,"25°39'2""N","94°30'34.2""E"
157,NAG/PHK/83K/10/ 2017/0026,Nagaland,Phek,83K/10,Lanezho- Kizare road,25.650111,94.510556,15,8,10,,,,Debris,Slide,,Active,Retrogressive,Single,Shallow translational,,Moderately dissected,Shale of,,Estensive,cut Damp,Rainfall,,,,Road,,,pore pressure and extensive,due Slope easing along the,,,,"25°39'0.4""N","94°30'38""E"
158,NAG/PHK/83K/10/ 2017/0026,Nagaland,Phek,83K/10,Lanezho- Kizare road,25.651,94.514833,13,12,10,,,,Rock,Slide,,Active,Retrogressive,Single,Shallow translational,,Moderately dissected,Shale of,"SoN35oE/80o J1 N20oW/80oWSW, J2 N80oW/32oWSW","NW, Quarry",Damp,Anthropogenic,,,,Road,,,pore pressure and extensive,due Slope easing along the,,,,"25°39'3.6""N","94°30'53.4""E"
159,NAG/PHK/83K/10/ 2017/0026,Nagaland,Phek,83K/10,Lanezho- Kizare road,25.651528,94.52225,15,16,11,,,,Rock,Slide,,Active,Retrogressive,Multiple,Shallow translational,,Moderately dissected,Shale of,"SoN50oE/48o J1 N65oE/65oSE, N15oW/82oWNW","NW, Quarry J2",Damp,Anthropogenic,,,,Road,,,cut slope failure,along Slope easing along the,,,,"25°39'5.5""N","94°31'20.1""E"
160,NAG/PHK/83K/10/ 2017/0026,Nagaland,Phek,83K/10,Lanezho- Kizare road,25.668417,94.543194,15,18,11,,,,Debris,Slide,,Active,Retrogressive,Multiple,Shallow translational,,Moderately dissected,Shale of,,Estensive,cut Damp,Anthropogenic,,,,Road,,,pore pressure and extensive,due Slope hardening drainage,,,,"25°40'6.3""N","94°32'35.5""E"
161,NAG/PHK/83K/10/ 2017/0026,Nagaland,Phek,83K/10,Thezatse village,25.711278,94.579944,8,7,7,,,,Debris,Slide,,Active,Retrogressive,Single,Shallow translational,,Highly dissected slope,Shale of,,Moderate vegetation,Damp,Anthropogenic,,,,Road,,,pore pressure extensive cut,due Slope hardening and drainage,,,,"25°42'40.6""N","94°34'47.8""E"
162,NAG/PHK/83K/10/ 2017/0026,Nagaland,Phek,83K/10,Thezatse- Meluri road,25.692222,94.584722,20,10,20,,,,Rock,Slide,,Active,Retrogressive,Single,Shallow translational,,Moderately dissected,Shale of,"SoN30oE/60o J1 N70oW/61oSW, J2 N20oE/40oSE","NW, Extensive",cut Dry,Anthropogenic,,,,Road,,,of fractures and of surface cut slope,Removal drainage,,,,"25°41'32""N","94°35'5""E"
163,NAG/PHK/83K/10/ 2017/0026,Nagaland,Phek,83K/10,Lephori-Reguri road,25.515222,94.660694,10,4,4,,,,Debris,Slide,,Active,Retrogressive,Single,Shallow translational,,Highly dissected slope,Volcanics,,Sparse vegetation,Dry,Anthropogenic,,,,Road,,,drainage along,poor Providing,Cut-fill,,,"25°30'54.8""N","94°39'38.5""E"
164,NAG/PHK/83K/10/ 2017/0164,Nagaland,Phek,83K/10,Lephori-Reguri road,25.502917,94.661194,20,9,15,,,,Debris,Slide,,Active,Retrogressive,Multiple,Shallow translational,,Highly dissected slope,Ultramafic cummulates,,Sparse vegetation,Flowing,Anthropogenic,,,,Road,,,cut slope and,nala. Geometrical hardening,,,,"25°30'10.5""N","94°39'40.3""E"
165,NAG/PHK/83K/10/ 2017/0165,Nagaland,Phek,83K/10,Lephori-Reguri road,25.502583,94.661194,15,8,10,,,,Debris,Slide,,Active,Retrogressive,Multiple,Shallow translational,,Highly dissected slope,Ultramafic cummulates,,Thick vegetation,Flowing,Anthropogenic,,,,Road,,,by nala,Hardening,,,,"25°30'9.3""N","94°39'40.3""E"
166,NAG/PHK/83K/10/ 2017/0166,Nagaland,Phek,83K/10,Lephori-Reguri road,25.505833,94.653806,20,21,18,,,,Debris,Slide,,Active,Retrogressive,Single,Shallow translational,,Highly dissected slope,Ultramafic cummulates,,Extensive,cut Dry,Rainfall,,,,Road,,,cut slope failure,Geometrical construction,,,,"25°30'21""N","94°39'13.7""E"
167,NAG/PHK/83K/10/ 2017/0167,Nagaland,Phek,83K/10,Lephori-Reguri road,25.507611,94.661028,25,15,22,,,,Debris,Slide,,Active,Retrogressive,Single,Shallow translational,,Moderately dissected,Ultramafic cummulates,,Extensive,cut Dry,Rainfall,,,,Road,,,cut slope failure,Geometrical hardening,,,,"25°30'27.4""N","94°39'39.7""E"
168,NAG/PHK/83K/10/ 2017/0168,Nagaland,Phek,83K/10,Lephori-Reguri road,25.562667,94.608,30,51,25,,,,Scree,Slide,,Reactivated,Widening,Single,Shallow translational,,Transportational mid slope,Sandstone,,Extensive,cut Dry,Rainfall,,,,Road,,,cut slope failure,Construction road and,the Cracks on side of the high risk during monsoon,has,,"25°33'45.6""N","94°36'28.8""E"
169,NAG/PHK/83K/10/ 2017/0169,Nagaland,Phek,83K/10,Lephori-Reguri road,25.581333,94.627306,50,50,45,,,,Rock,Slide,,Active,Retrogressive,Multiple,Shallow translational,,Highly dissected slope,Sandstone,So85 /34 85o/66 350 325 /80 ⁰⁰,", J1 Extensive ⁰",cut Dry,Rainfall,,,,Road,,,which allowed lubricated by by extensive,of Removal and channelising,,,,"25°34'52.8""N","94°37'38.3""E"
170,NAG/PHK/83K/10/ 2017/170,Nagaland,Phek,83K/10,Lephori-Reguri road,25.5925,94.628472,15,25,10,,,,Debris,Slide,,Active,Retrogressive,Single,Shallow translational,,Highly dissected slope,Sandstone,⁰ ⁰,Extensive,cut Dry,Rainfall,,,,Road,,,of overburden of a steep slope by extensive,on Diversion remaining,of,,,"25°35'33""N","94°37'42.5""E"
