Slide_ID,State,District,Toposheet,Location,Longitude_DMS,Longitude,Latitude_DMS,Latitude,Name_of_Slide,Date_of_Occurrence,Material,Movement,Rate,Activity,Distribution,Style,History,Length_m,Width_m,Height_m,Depth_m,Area,Volume,Geology,Structure,Geomorphology,Hydrological_Condition,Land_Use_Land_Cover,Triggering_Factor,Landslide_Process,Geo_scientific_Causes,Risk,Remedial_Measures,Remarks
TR/NT/83D04/2020/001,Tripura,North Tripura,83D/04,"Dopotacherra, NH-44A Kanchanpur – Hmunpui - Vanghmun","92°14'39.2""",92.24422222222222,"24°02'12.48""",24.036800000000003,-,"January, 2021",Rock,Slide,Rapid,Active,Confined,Single,-,10,8.0,6,<1,-,-,"Khaki buffed colored sandstone, shale and siltstone belonging to Bokabil Formation of Surma Group.","S0:0°/59° (270°), J1:0°/59° (270°), J2:260°/89° (80°), J3:180°/26° (270°), J4:95°/12° (5°), J5:320°/SV",Lowly dissected Hills,Dry,Moderate vegetation around the location with extensive cut slope for road construction.,Anthropogenic,Shallow translational failure,i. Lithology of friable soft sandstone with siltstone. ii. Presence of joints. iii. Steep slope due to extensive cut slope for road construction.,Low,i. Plantation upslope of the road. ii. Maintenance of proper hillside/roadside drainage. iii. Prevention for percolation of water in the slope.,"Over hanged have been developed on the left flank of the slide. Extensive slope cut under progress of the upgradation of the existing road into 2 lane (NH-44A), benching at the time of slope excavation."
TR/NT/83D04/2020/002,Tripura,North Tripura,83D/08,"2km SE of Kthumkta Para, NH-44A Kanchanpur – Hmunpui - Vanghmun","92°01'53.7""",92.03158333333333,"22°15'09.36""",22.2526,-,"January, 2021",Debris,Slide,Rapid,Stabilized,Widening,Successive,2021,50,24.0,45,<1,-,-,"Shale, siltstone with sandstone belonging to Bokabil Formation of Surma Group.",S0:0°/89° (SV),Moderately dissected slopes,Dry (at the time of investigation),Moderate vegetation around the location with extensive cut slope for road construction.,Anthropogenic,Shallow translational failure,"i. Steep slope due to extensive cut slope for road construction. ii. Highly weathered rock. iii. Lithology of shale, sandstone. iv. Presence of joint. v. Consequent slope.",Low,i. Plantation on the uphill slope of the slide.,The road cutting as well re-stabilization work of the slope under progress. Small dimension of rock slide along the road due to de-stabilization of slope. The overburden debris slide as due to steep slope developed by the road cutting. A smooth discontinuity plane is responsible for further slope failure on the downslope/toe of the slide.
TR/NT/83D08/2020/003,Tripura,North Tripura,83D/08,"3.5 km of Kthumkta Para, NH-44A Kanchanpur – Hmunpui - Vanghmun","92°15'28.8""",92.258,"24°01'53.04""",24.031399999999998,-,"January, 2021",Debris,Slide,Slow,Active,Confined,Single,2021,28,32.4,15,<1,-,-,"Shale, siltstone with sandstone belonging to Bokabil Formation of Surma Group.",S0:178°/61° (268°),Lowly dissected slope,Damp & wet,"Jhum (old), Banana (wild) and plantation of Areca.",Anthropogenic,Shallow translational failure,i. Steep slope due to extensive cut slope at the time of road construction. ii. Toe cutting at the time of road construction.,Low,Plantation uphill slope; trimming of the slide materials and overhanged material developed by landslide.,The bench which is part of re-stabilization of slope completely slide away. Damped and wet along the right flank of the landslide. Extensive slope modification for 2 lane upgradations of NH-44A under progress.
TR/NT/84A05/2020/004,Tripura,North Tripura,84A/05,"South of Tlangsang, NH-44A: Kanchanpur – Jampui - Kawnpui","92°16'22.0""",92.27277777777778,"23°53'32.7""",23.892416666666666,-,,Debris,Slide,Slow,Active,Confined,Single,2021,19,18.0,15,<1,-,-,Grey shale with thickly bedded sandstone belonging to Middle Bhuban Member of Surma Group.,S0:15°/45° (105°),Lowly dissected slope,Dry (at the time of investigation),Moderately vegetated.,Rainfall and anthropogenic,Shallow translational failure,i. Oversaturation of dumped waste (debris) at the time of road construction. ii. Toe erosion by nala leading to rill erosion. iii. Steep slope and diversion of rain water into the slope at the time of rainfall.,Low,i. Plantation uphill slope. ii. Trimming of the slide materials and overhanged material developed by landslide.,The bench which is part of re-stabilization of slope completely slide away. Damped and wet along the right flank of the landslide. Extensive slope modification for 2 lane upgradations of NH-44A under progress.
TR/NT/84A05/2020/005,Tripura,North Tripura,84A/05,"South of Tlangsang, NH-44A: Kanchanpur – Jampui - Kawnpui","92°16'25""",92.27361111111111,"23°53'43.6""",23.895444444444443,-,,Rock,Slide,Rapid,Active,Confined,Single,-,9,24.0,8,<1,-,-,Grey shale with thickly bedded sandstone belonging to Middle Bhuban Formation of Surma Group.,S0:184°/30° (274°),Moderately dissected Hills,Dry,Moderate vegetation around the location with extensive cut slope for road construction.,Anthropogenic and rainfall,Shallow translational failure,i. Extensive cut slope at the time of road construction. ii. Uprooting of tree during the monsoon. iii. Presence of joints.,Low,i. Removal of slide rock boulders.,Falling of tree during rainy season has triggered the landslide.
TR/NT/84A05/2020/006,Tripura,North Tripura,84A/05,"1km East of Tlangsang, Agri-link road","92°16'18.8""",92.27188888888888,"23°54'49.3""",23.91369444444444,-,,Debris,Slide,Rapid,Active,Advancing,Single,-,60,9.6,45,<5m,-,-,Grey shale with thickly bedded sandstone belonging to Middle Bhuban Member of Surma Group.,S0:184°/20° (274°),Moderately dissected Hills,Dry,Densely vegetated,Anthropogenic and rainfall,Shallow translational failure,i. Oversaturation of slope forming materials by percolation of water at the time of rainfall. ii. Percolation of water from the dripping water from the PHED water pipeline. iii. Extensive slope cut for Agri-link road. Concave surface leading to the confluence of water.,Low,i. Plantation of deep-rooted trees upslope as well as down slope of the Agri-link road.,Cut slope and pipeline of Tlangsang water supply system.
TR/NT/83D04/2020/007,Tripura,North Tripura,84A/05,"Near Tlangsang Training Center, Tlangsang. NH-44A: Kanchanpur – Jampui - Kawnpui","92°16'27.1""",92.27419444444445,"23°55'04.7""",23.91797222222222,-,,Debris,Slide,Rapid,Dormant,Confined,Single,-,15,10.0,6,<5m,-,-,Shales and sandstones of Middle Bhuban Member.,,Lowly dissected Hills,Dry,Agriculture.,Anthropogenic and rainfall,Shallow translational failure,i. Oversaturation of slope forming material at the time of rainfall. ii. Cut slope at the time of road construction. iii. Jhum/plantation of areca palm/betel nut plant upslope.,Low,i. Plantation of deep-rooted upslope of the road.,
TR/NT/84A05/2020/008,Tripura,North Tripura,83A/05,"North of Tlangsang, NH-44A: Kanchanpur – Jampui – Kawnpui.","92°16'28.4""",92.27455555555555,"23°55'37.0""",23.926944444444445,-,2015,Debris,Slide,Rapid,Dormant,Confined,Single,-,21,9.0,11,<5,-,-,"Khaki colored sandstone, shale and siltstone belonging to Middle Bhuban Member of Surma Group.",,Lowly dissected Hills,Dry,"Agriculture, cut slope, Plantation (Areca palm)",Anthropogenic and rainfall,Shallow translational failure,i. Oversaturation of slope forming material at the time of rainfall. ii. Extensive cut slope at the time of road construction. iii. Lithology - thinly bedded sandstone & shale.,Low,i. Plantation of deep-rooted tree upslope of the road.,Rill erosion are developed. The upslope of the slide is a plantation of areca palm/betel nut.
TR/NT/83A05/2020/009,Tripura,North Tripura,83A/05,"Behliangchhip near the dumping area, NH-44A: Kanchanpur – Jampui - Kawnpui","92°16'46.6""",92.27961111111111,"23°57'57.5""",23.96597222222222,-,,Rock,Slide,Rapid,Active,Dormant,Single,-,15,6.0,7,<5,-,-,"Khaki colored sandstone, shale and siltstone belonging to Middle Bhuban Member of Surma Group.","S0:330°/15° (60°), J1:268° (SV), J2:334°/70° (240°), J3:330°/15° (60°)",Lowly dissected Hills,Dry,Moderate vegetation around the location with extensive cut slope for road construction.,Anthropogenic and rainfall,Shallow translational failure,i. Oversaturation and percolation of water along the joint plane. ii. Presence of joints and consequent slope. iii. Extensive cut slope at the time of road construction.,Low,i. Plantation of deep-rooted tree downslope of the road. ii. Diversion of water from percolating into the slope.,The landslide had been triggered due to extensive cut slope. It is a stabilized. The effect that may occurred on the extensive use of herbicide in the Areca plantation may also help in reducing slope instability in the future.
